,slug,name,positions,age,team,games_played,minutes_played,player_efficiency_rating,true_shooting_percentage,three_point_attempt_rate,free_throw_attempt_rate,offensive_rebound_percentage,defensive_rebound_percentage,total_rebound_percentage,assist_percentage,steal_percentage,block_percentage,turnover_percentage,usage_percentage,offensive_win_shares,defensive_win_shares,win_shares,win_shares_per_48_minutes,offensive_box_plus_minus,defensive_box_plus_minus,box_plus_minus,value_over_replacement_player
0,adamsst01,Steven Adams,[<Position.CENTER: 'CENTER'>],26,Team.OKLAHOMA_CITY_THUNDER,12,316,16.2,0.537,0.0,0.356,11.7,24.3,18.2,16.3,0.9,2.1,15.2,16.5,0.4,0.4,0.8,0.121,-1.0,2.5,1.5,0.3
1,adebaba01,Bam Adebayo,[<Position.CENTER: 'CENTER'>],22,Team.MIAMI_HEAT,14,451,21.5,0.637,0.051,0.718,9.0,26.9,18.6,21.1,2.6,4.1,19.4,18.1,1.1,1.1,2.2,0.235,1.1,6.0,7.1,1.0
2,aldrila01,LaMarcus Aldridge,[<Position.CENTER: 'CENTER'>],34,Team.SAN_ANTONIO_SPURS,16,522,19.8,0.572,0.106,0.22,6.7,15.8,11.1,11.3,0.7,4.7,9.8,22.1,1.0,0.2,1.2,0.115,0.6,0.1,0.7,0.4
3,alexani01,Nickeil Alexander-Walker,[<Position.SHOOTING_GUARD: 'SHOOTING GUARD'>],21,Team.NEW_ORLEANS_PELICANS,15,226,7.4,0.441,0.536,0.091,0.9,15.8,8.2,21.4,1.0,0.8,14.9,24.1,-0.3,0.1,-0.2,-0.049,-3.8,-2.6,-6.4,-0.2
4,allengr01,Grayson Allen,[<Position.SHOOTING_GUARD: 'SHOOTING GUARD'>],24,Team.MEMPHIS_GRIZZLIES,5,84,6.2,0.459,0.543,0.343,1.3,11.6,6.4,13.1,1.1,0.0,14.8,23.3,-0.1,0.0,-0.1,-0.065,-4.1,-4.0,-8.1,-0.1
5,allenja01,Jarrett Allen,[<Position.CENTER: 'CENTER'>],21,Team.BROOKLYN_NETS,15,384,19.4,0.663,0.011,0.602,11.8,26.0,19.0,5.0,1.1,4.3,14.5,14.7,0.9,0.5,1.4,0.179,-0.6,1.9,1.2,0.3
6,aminual01,Al-Farouq Aminu,[<Position.POWER_FORWARD: 'POWER FORWARD'>],29,Team.ORLANDO_MAGIC,14,302,8.7,0.441,0.4,0.385,6.9,19.4,12.9,6.1,2.0,1.7,15.6,12.9,-0.2,0.5,0.3,0.049,-4.3,2.2,-2.0,0.0
7,anderky01,Kyle Anderson,[<Position.POWER_FORWARD: 'POWER FORWARD'>],26,Team.MEMPHIS_GRIZZLIES,14,294,15.0,0.566,0.197,0.342,4.7,18.7,11.6,17.4,1.6,3.2,12.1,14.0,0.4,0.2,0.6,0.102,-0.7,1.4,0.7,0.2
8,anderry01,Ryan Anderson,[<Position.POWER_FORWARD: 'POWER FORWARD'>],31,Team.HOUSTON_ROCKETS,2,14,9.9,0.357,0.714,0.0,0.0,50.7,25.4,20.8,3.3,0.0,12.5,23.1,0.0,0.0,0.0,-0.021,-6.5,2.2,-4.3,0.0
9,antetgi01,Giannis Antetokounmpo,[<Position.POWER_FORWARD: 'POWER FORWARD'>],25,Team.MILWAUKEE_BUCKS,15,495,31.9,0.618,0.238,0.586,7.6,32.9,20.8,35.1,2.1,3.6,16.5,35.8,1.7,1.2,2.9,0.278,6.9,5.3,12.2,1.8
10,antetko01,Kostas Antetokounmpo,[<Position.POWER_FORWARD: 'POWER FORWARD'>],22,Team.LOS_ANGELES_LAKERS,2,3,3.9,0.0,0.0,0.0,0.0,36.0,18.3,0.0,0.0,0.0,0.0,0.0,0.0,0.0,0.0,0.082,-9.2,-0.7,-9.9,0.0
11,antetth01,Thanasis Antetokounmpo,[<Position.SMALL_FORWARD: 'SMALL FORWARD'>],27,Team.MILWAUKEE_BUCKS,2,10,18.5,0.5,0.0,0.0,20.3,0.0,9.7,14.3,0.0,0.0,0.0,16.2,0.0,0.0,0.0,0.184,2.8,-3.0,-0.2,0.0
12,anthoca01,Carmelo Anthony,[<Position.POWER_FORWARD: 'POWER FORWARD'>],35,Team.PORTLAND_TRAIL_BLAZERS,2,53,4.9,0.455,0.276,0.138,3.8,17.0,10.5,11.3,0.0,1.5,20.6,30.2,-0.2,0.0,-0.2,-0.151,-8.0,-3.3,-11.2,-0.1
13,anunoog01,OG Anunoby,[<Position.SMALL_FORWARD: 'SMALL FORWARD'>],22,Team.TORONTO_RAPTORS,13,382,16.6,0.697,0.463,0.111,3.4,14.3,9.3,7.7,1.6,3.2,11.0,14.3,0.8,0.7,1.5,0.184,2.4,3.0,5.3,0.7
14,arcidry01,Ryan Arcidiacono,[<Position.POINT_GUARD: 'POINT GUARD'>],25,Team.CHICAGO_BULLS,16,280,11.6,0.62,0.607,0.311,3.2,8.0,5.5,15.6,1.3,0.3,10.3,11.4,0.6,0.2,0.8,0.131,0.7,-0.9,-0.2,0.1
15,arizatr01,Trevor Ariza,[<Position.SMALL_FORWARD: 'SMALL FORWARD'>],34,Team.SACRAMENTO_KINGS,11,227,6.9,0.52,0.762,0.119,2.0,17.7,9.6,5.4,1.9,0.0,13.7,9.8,0.0,0.1,0.2,0.034,-1.8,-0.3,-2.1,0.0
16,augusdj01,D.J. Augustin,[<Position.POINT_GUARD: 'POINT GUARD'>],32,Team.ORLANDO_MAGIC,14,356,12.6,0.491,0.328,0.23,2.0,6.7,4.2,27.1,1.0,0.0,10.0,18.1,0.3,0.3,0.6,0.081,-1.0,-2.4,-3.3,-0.1
17,aytonde01,Deandre Ayton,[<Position.CENTER: 'CENTER'>],21,Team.PHOENIX_SUNS,1,33,26.4,0.643,0.0,0.0,10.1,27.4,18.6,0.0,1.4,10.5,0.0,18.0,0.1,0.1,0.2,0.235,-2.4,0.6,-1.8,0.0
18,bacondw01,Dwayne Bacon,[<Position.SHOOTING_GUARD: 'SHOOTING GUARD'>],24,Team.CHARLOTTE_HORNETS,13,282,6.0,0.418,0.281,0.198,2.6,11.5,6.9,9.8,1.7,0.6,12.0,22.7,-0.6,0.1,-0.5,-0.081,-6.3,-2.2,-8.5,-0.5
19,baglema01,Marvin Bagley,[<Position.POWER_FORWARD: 'POWER FORWARD'>],20,Team.SACRAMENTO_KINGS,1,28,14.2,0.394,0.0,0.25,15.9,25.4,20.5,0.0,1.7,3.3,5.3,29.0,-0.1,0.0,0.0,-0.039,-9.9,-7.4,-17.2,-0.1
20,balllo01,Lonzo Ball,[<Position.POINT_GUARD: 'POINT GUARD'>],22,Team.NEW_ORLEANS_PELICANS,9,252,13.8,0.524,0.615,0.11,2.4,13.3,7.7,29.1,2.4,0.3,18.7,18.9,0.2,0.1,0.3,0.064,0.6,-1.1,-0.5,0.1
21,bambamo01,Mo Bamba,[<Position.CENTER: 'CENTER'>],21,Team.ORLANDO_MAGIC,12,161,6.7,0.384,0.375,0.107,8.7,24.2,16.1,4.7,0.9,7.0,18.1,19.2,-0.4,0.3,-0.1,-0.04,-8.2,2.7,-5.6,-0.1
22,bareajo01,J.J. Barea,[<Position.POINT_GUARD: 'POINT GUARD'>],35,Team.DALLAS_MAVERICKS,2,28,30.2,0.773,0.5,0.143,3.9,3.6,3.7,30.3,1.7,3.0,21.2,28.6,0.1,0.0,0.1,0.251,7.1,-3.2,4.0,0.0
23,barneha02,Harrison Barnes,[<Position.POWER_FORWARD: 'POWER FORWARD'>],27,Team.SACRAMENTO_KINGS,14,477,15.6,0.591,0.359,0.327,3.7,13.1,8.3,9.1,1.5,0.6,9.2,17.8,0.9,0.2,1.1,0.11,1.6,-1.1,0.4,0.3
24,barrerj01,RJ Barrett,[<Position.SHOOTING_GUARD: 'SHOOTING GUARD'>],19,Team.NEW_YORK_KNICKS,15,505,11.6,0.464,0.222,0.373,4.1,14.1,8.8,17.3,2.0,1.2,14.5,24.2,-0.5,0.3,-0.1,-0.014,-2.9,-0.4,-3.3,-0.2
25,bartowi01,Will Barton,[<Position.SMALL_FORWARD: 'SMALL FORWARD'>],29,Team.DENVER_NUGGETS,12,382,17.2,0.558,0.345,0.228,5.4,17.4,11.3,14.0,1.5,1.5,8.1,19.5,0.7,0.6,1.3,0.163,1.3,1.4,2.7,0.5
26,bateske01,Keita Bates-Diop,[<Position.SMALL_FORWARD: 'SMALL FORWARD'>],24,Team.MINNESOTA_TIMBERWOLVES,4,38,11.0,0.751,0.667,0.5,2.7,13.6,8.1,0.0,1.2,4.2,21.5,9.9,0.0,0.0,0.1,0.099,-3.2,-0.9,-4.1,0.0
27,batumni01,Nicolas Batum,[<Position.SMALL_FORWARD: 'SMALL FORWARD'>],31,Team.CHARLOTTE_HORNETS,5,119,8.9,0.577,0.923,0.0,3.5,24.3,13.5,25.6,0.4,1.5,40.9,7.9,0.1,0.1,0.1,0.049,-3.2,0.2,-3.0,0.0
28,baynear01,Aron Baynes,[<Position.CENTER: 'CENTER'>],33,Team.PHOENIX_SUNS,12,288,22.2,0.679,0.456,0.281,6.9,19.2,13.0,20.6,0.6,2.7,9.2,20.7,1.1,0.3,1.4,0.242,6.0,0.8,6.8,0.6
29,bazemke01,Kent Bazemore,[<Position.SMALL_FORWARD: 'SMALL FORWARD'>],30,Team.PORTLAND_TRAIL_BLAZERS,16,377,8.6,0.46,0.485,0.2,1.3,17.6,9.5,11.9,1.7,2.8,14.5,18.1,-0.3,0.3,0.0,-0.003,-3.4,1.1,-2.4,0.0
30,bazleda01,Darius Bazley,[<Position.POWER_FORWARD: 'POWER FORWARD'>],19,Team.OKLAHOMA_CITY_THUNDER,15,262,8.7,0.559,0.533,0.2,2.1,20.5,11.6,5.0,0.9,1.6,17.7,13.3,-0.1,0.3,0.2,0.04,-3.5,0.4,-3.1,-0.1
31,bealbr01,Bradley Beal,[<Position.SHOOTING_GUARD: 'SHOOTING GUARD'>],26,Team.WASHINGTON_WIZARDS,13,482,23.5,0.586,0.375,0.307,2.9,11.0,6.8,28.9,1.2,0.5,11.8,32.2,1.5,-0.1,1.4,0.139,5.4,-3.3,2.1,0.5
32,beaslma01,Malik Beasley,[<Position.SHOOTING_GUARD: 'SHOOTING GUARD'>],23,Team.DENVER_NUGGETS,10,153,6.9,0.473,0.492,0.049,2.0,7.0,4.5,7.7,1.9,1.2,15.0,20.5,-0.2,0.2,0.0,-0.007,-4.1,-0.6,-4.7,-0.1
33,belinma01,Marco Belinelli,[<Position.SHOOTING_GUARD: 'SHOOTING GUARD'>],33,Team.SAN_ANTONIO_SPURS,16,268,4.0,0.371,0.471,0.127,0.4,9.4,4.8,12.0,0.7,0.0,6.9,18.1,-0.4,0.0,-0.5,-0.086,-4.7,-4.0,-8.7,-0.5
34,belljo01,Jordan Bell,[<Position.CENTER: 'CENTER'>],25,Team.MINNESOTA_TIMBERWOLVES,6,50,11.0,0.598,0.176,0.412,10.3,35.0,22.6,15.1,0.0,1.6,37.4,25.9,-0.1,0.1,-0.1,-0.061,-7.9,-0.2,-8.0,-0.1
35,bembrde01,DeAndre' Bembry,[<Position.SHOOTING_GUARD: 'SHOOTING GUARD'>],25,Team.ATLANTA_HAWKS,15,385,12.9,0.561,0.174,0.283,4.3,13.6,8.9,17.8,2.9,1.4,20.1,13.9,0.2,0.2,0.4,0.049,-1.1,0.8,-0.3,0.2
36,bertada01,Dāvis Bertāns,[<Position.POWER_FORWARD: 'POWER FORWARD'>],27,Team.WASHINGTON_WIZARDS,13,362,15.3,0.647,0.77,0.095,2.3,15.2,8.7,8.4,1.0,1.2,7.1,15.9,0.8,0.0,0.8,0.11,3.7,-2.1,1.6,0.3
37,beverpa01,Patrick Beverley,[<Position.POINT_GUARD: 'POINT GUARD'>],31,Team.LOS_ANGELES_CLIPPERS,14,422,9.1,0.452,0.569,0.174,4.3,18.1,11.4,12.3,2.6,1.5,15.2,13.5,-0.1,0.8,0.6,0.074,-1.3,3.3,2.0,0.4
38,birchkh01,Khem Birch,[<Position.CENTER: 'CENTER'>],27,Team.ORLANDO_MAGIC,5,66,7.8,0.475,0.083,0.917,4.5,16.4,10.2,2.2,0.7,0.0,0.0,11.0,0.0,0.1,0.1,0.07,-5.0,-1.2,-6.2,-0.1
39,bitadgo01,Goga Bitadze,[<Position.CENTER: 'CENTER'>],20,Team.INDIANA_PACERS,9,155,16.3,0.586,0.262,0.357,8.9,17.9,13.4,10.6,0.3,9.2,15.6,15.9,0.2,0.3,0.5,0.168,-1.4,5.3,3.9,0.2
40,biyombi01,Bismack Biyombo,[<Position.CENTER: 'CENTER'>],27,Team.CHARLOTTE_HORNETS,14,185,19.9,0.631,0.0,0.836,8.6,15.0,11.6,8.0,1.3,3.8,9.6,19.3,0.5,0.1,0.6,0.157,-0.4,-0.2,-0.5,0.1
41,bjeline01,Nemanja Bjelica,[<Position.POWER_FORWARD: 'POWER FORWARD'>],31,Team.SACRAMENTO_KINGS,14,362,18.4,0.671,0.518,0.071,7.1,20.6,13.6,13.4,1.8,1.3,12.2,15.7,1.0,0.3,1.3,0.166,4.1,0.3,4.4,0.6
42,bledser01,Eric Bledsoe,[<Position.POINT_GUARD: 'POINT GUARD'>],30,Team.MILWAUKEE_BUCKS,15,409,20.5,0.568,0.332,0.289,4.0,14.8,9.6,29.4,1.2,1.0,13.1,27.1,0.9,0.6,1.5,0.177,3.0,-0.3,2.7,0.5
43,bogdabo01,Bogdan Bogdanović,[<Position.SHOOTING_GUARD: 'SHOOTING GUARD'>],27,Team.SACRAMENTO_KINGS,13,360,18.4,0.584,0.582,0.196,0.6,11.2,5.7,27.8,2.7,0.3,13.1,23.0,0.7,0.2,1.0,0.132,4.1,-2.0,2.2,0.4
44,bogdabo02,Bojan Bogdanović,[<Position.SMALL_FORWARD: 'SMALL FORWARD'>],30,Team.UTAH_JAZZ,14,457,16.3,0.596,0.444,0.227,2.0,11.3,6.8,10.6,1.2,0.7,13.5,26.2,0.4,0.7,1.2,0.123,1.0,-0.2,0.8,0.3
45,boldejo01,Jonah Bolden,[<Position.POWER_FORWARD: 'POWER FORWARD'>],24,Team.PHILADELPHIA_76ERS,2,5,7.9,0.532,0.0,2.0,0.0,0.0,0.0,0.0,9.5,0.0,34.7,24.2,0.0,0.0,0.0,-0.199,-9.4,3.7,-5.7,0.0
46,bonejo01,Jordan Bone,[<Position.POINT_GUARD: 'POINT GUARD'>],22,Team.DETROIT_PISTONS,2,4,-64.4,0.0,0.333,0.0,0.0,0.0,0.0,0.0,0.0,0.0,40.0,54.0,-0.1,0.0,-0.1,-1.477,-47.2,-10.5,-57.7,-0.1
47,bongais01,Isaac Bonga,[<Position.SMALL_FORWARD: 'SMALL FORWARD'>],20,Team.WASHINGTON_WIZARDS,8,152,9.1,0.53,0.2,0.3,4.9,14.5,9.6,9.2,2.1,0.5,15.0,10.7,0.1,0.0,0.1,0.045,-1.5,0.0,-1.5,0.0
48,bookede01,Devin Booker,[<Position.SHOOTING_GUARD: 'SHOOTING GUARD'>],23,Team.PHOENIX_SUNS,14,490,19.5,0.659,0.306,0.289,0.9,9.7,5.2,29.1,0.8,0.7,18.2,28.0,1.1,0.4,1.5,0.148,3.6,-2.0,1.6,0.4
49,bouchch01,Chris Boucher,[<Position.POWER_FORWARD: 'POWER FORWARD'>],27,Team.TORONTO_RAPTORS,12,148,21.1,0.52,0.316,0.298,19.2,17.2,18.1,5.0,1.6,7.8,5.8,19.8,0.3,0.3,0.7,0.218,0.9,3.3,4.1,0.2
50,bowenbr02,Brian Bowen,[<Position.SHOOTING_GUARD: 'SHOOTING GUARD'>],21,Team.INDIANA_PACERS,3,10,1.2,0.25,0.25,0.0,0.0,10.7,5.3,0.0,0.0,8.9,0.0,17.1,0.0,0.0,0.0,-0.111,-12.3,0.9,-11.4,0.0
51,bowmaky01,Ky Bowman,[<Position.POINT_GUARD: 'POINT GUARD'>],22,Team.GOLDEN_STATE_WARRIORS,17,355,13.0,0.556,0.331,0.074,1.8,9.5,5.6,17.7,2.3,0.2,11.4,16.6,0.3,0.0,0.3,0.046,-0.3,-2.4,-2.7,-0.1
52,bradlav01,Avery Bradley,[<Position.SHOOTING_GUARD: 'SHOOTING GUARD'>],29,Team.LOS_ANGELES_LAKERS,10,274,10.5,0.548,0.333,0.095,2.8,9.9,6.4,8.9,1.7,0.3,11.2,15.3,0.2,0.4,0.6,0.098,-1.1,0.1,-1.0,0.1
53,bradlto01,Tony Bradley,[<Position.CENTER: 'CENTER'>],22,Team.UTAH_JAZZ,10,91,17.3,0.586,0.0,0.429,17.3,18.2,17.7,3.7,1.1,2.8,13.1,18.3,0.2,0.2,0.4,0.189,-1.4,1.0,-0.4,0.0
54,brantja01,Jarrell Brantley,[<Position.POWER_FORWARD: 'POWER FORWARD'>],23,Team.UTAH_JAZZ,1,5,21.7,0.0,0.0,0.0,0.0,62.0,32.3,25.9,0.0,17.1,0.0,0.0,0.0,0.0,0.0,0.292,-7.3,16.6,9.3,0.0
55,brazdig01,Ignas Brazdeikis,[<Position.SMALL_FORWARD: 'SMALL FORWARD'>],21,Team.NEW_YORK_KNICKS,4,14,4.3,0.381,0.286,0.286,0.0,0.0,0.0,11.3,0.0,7.1,11.3,26.8,0.0,0.0,0.0,-0.137,-9.8,-5.0,-14.8,0.0
56,bridgmi01,Mikal Bridges,[<Position.SMALL_FORWARD: 'SMALL FORWARD'>],23,Team.PHOENIX_SUNS,14,289,13.3,0.565,0.348,0.379,4.6,16.4,10.4,7.0,3.5,1.2,9.4,12.5,0.3,0.5,0.8,0.138,-0.4,3.0,2.5,0.3
57,bridgmi02,Miles Bridges,[<Position.SMALL_FORWARD: 'SMALL FORWARD'>],21,Team.CHARLOTTE_HORNETS,16,504,12.2,0.551,0.41,0.124,4.6,14.3,9.2,9.7,0.9,2.1,14.2,18.6,0.2,0.2,0.3,0.033,-1.4,-0.7,-2.0,0.0
58,brissos01,Oshae Brissett,[<Position.SMALL_FORWARD: 'SMALL FORWARD'>],21,Team.TORONTO_RAPTORS,2,7,6.8,0.5,0.333,0.0,0.0,0.0,0.0,0.0,0.0,0.0,0.0,18.3,0.0,0.0,0.0,0.01,-3.9,-4.5,-8.4,0.0
59,broekry01,Ryan Broekhoff,[<Position.SHOOTING_GUARD: 'SHOOTING GUARD'>],29,Team.DALLAS_MAVERICKS,4,25,20.2,0.75,0.625,0.0,0.0,20.3,10.4,16.8,1.9,0.0,11.1,15.3,0.1,0.0,0.1,0.219,3.6,-1.0,2.6,0.0
60,brogdma01,Malcolm Brogdon,[<Position.POINT_GUARD: 'POINT GUARD'>],27,Team.INDIANA_PACERS,12,372,22.5,0.573,0.291,0.274,2.0,14.7,8.3,40.8,1.6,0.7,14.9,27.0,1.0,0.6,1.5,0.197,4.0,0.6,4.6,0.6
61,brookdi01,Dillon Brooks,[<Position.SHOOTING_GUARD: 'SHOOTING GUARD'>],24,Team.MEMPHIS_GRIZZLIES,14,381,12.8,0.521,0.391,0.207,3.6,9.6,6.6,10.4,1.8,1.6,7.5,21.7,0.3,0.2,0.4,0.053,-0.3,-1.8,-2.1,0.0
62,brownbr01,Bruce Brown,[<Position.SHOOTING_GUARD: 'SHOOTING GUARD'>],23,Team.DETROIT_PISTONS,15,413,8.2,0.463,0.223,0.301,3.7,13.1,8.4,20.1,1.7,1.6,21.5,15.5,-0.2,0.3,0.0,0.003,-3.2,0.1,-3.1,-0.1
63,brownch02,Charlie Brown,[<Position.SHOOTING_GUARD: 'SHOOTING GUARD'>],22,Team.ATLANTA_HAWKS,4,16,21.9,0.735,0.333,1.333,13.9,6.9,10.4,0.0,0.0,5.8,0.0,12.3,0.1,0.0,0.1,0.25,2.3,-4.2,-2.0,0.0
64,brownja02,Jaylen Brown,[<Position.SMALL_FORWARD: 'SMALL FORWARD'>],23,Team.BOSTON_CELTICS,12,399,16.9,0.558,0.311,0.283,3.6,18.8,11.3,11.4,1.6,0.7,9.0,23.7,0.5,0.7,1.1,0.138,0.2,0.5,0.7,0.3
65,brownmo01,Moses Brown,[<Position.CENTER: 'CENTER'>],20,Team.PORTLAND_TRAIL_BLAZERS,2,5,-1.0,0.0,0.0,0.0,0.0,60.2,30.2,0.0,0.0,0.0,0.0,8.2,0.0,0.0,0.0,-0.119,-17.9,-4.9,-22.9,0.0
66,brownst02,Sterling Brown,[<Position.SMALL_FORWARD: 'SMALL FORWARD'>],24,Team.MILWAUKEE_BUCKS,12,194,14.1,0.581,0.5,0.19,4.7,23.5,14.5,11.4,1.4,0.9,13.7,15.2,0.2,0.3,0.6,0.142,-0.2,0.8,0.6,0.1
67,browntr01,Troy Brown,[<Position.SHOOTING_GUARD: 'SHOOTING GUARD'>],20,Team.WASHINGTON_WIZARDS,10,223,13.4,0.526,0.313,0.125,7.1,18.8,12.8,12.0,2.3,0.4,14.0,14.4,0.2,0.1,0.3,0.063,-0.3,0.1,-0.3,0.1
68,brunsja01,Jalen Brunson,[<Position.POINT_GUARD: 'POINT GUARD'>],23,Team.DALLAS_MAVERICKS,15,279,16.3,0.547,0.317,0.238,3.9,12.3,8.2,23.1,1.7,0.0,11.9,19.2,0.5,0.2,0.7,0.129,0.9,-1.2,-0.3,0.1
69,bryanth01,Thomas Bryant,[<Position.CENTER: 'CENTER'>],22,Team.WASHINGTON_WIZARDS,13,377,20.2,0.61,0.223,0.273,9.0,24.3,16.5,11.7,0.7,3.5,10.4,18.8,1.0,0.1,1.2,0.148,1.8,0.3,2.1,0.4
70,burketr01,Trey Burke,[<Position.POINT_GUARD: 'POINT GUARD'>],27,Team.PHILADELPHIA_76ERS,5,84,15.8,0.466,0.176,0.235,5.4,9.2,7.3,25.1,1.1,1.0,2.6,19.2,0.2,0.1,0.2,0.14,-0.3,-1.9,-2.2,0.0
71,burksal01,Alec Burks,[<Position.SHOOTING_GUARD: 'SHOOTING GUARD'>],28,Team.GOLDEN_STATE_WARRIORS,14,386,16.5,0.568,0.342,0.426,1.9,15.3,8.4,14.1,1.3,1.3,8.9,21.9,0.7,0.0,0.7,0.089,0.6,-2.6,-2.0,0.0
72,burtode02,Deonte Burton,[<Position.SHOOTING_GUARD: 'SHOOTING GUARD'>],26,Team.OKLAHOMA_CITY_THUNDER,7,52,9.3,0.575,0.55,0.0,0.0,16.2,8.3,3.1,0.9,0.0,13.0,19.4,0.0,0.0,0.0,0.019,-3.3,-3.2,-6.4,-0.1
73,butleji01,Jimmy Butler,[<Position.SMALL_FORWARD: 'SMALL FORWARD'>],30,Team.MIAMI_HEAT,11,377,24.9,0.587,0.22,0.667,6.2,12.2,9.4,30.8,3.9,2.6,13.7,23.9,1.3,0.8,2.2,0.274,3.5,3.7,7.2,0.9
74,cabocbr01,Bruno Caboclo,[<Position.SMALL_FORWARD: 'SMALL FORWARD'>],24,Team.MEMPHIS_GRIZZLIES,9,85,13.7,0.484,0.406,0.0,7.4,15.2,11.3,8.5,2.2,8.1,11.1,17.5,0.0,0.1,0.1,0.046,-2.6,2.9,0.3,0.0
75,caldwke01,Kentavious Caldwell-Pope,[<Position.SHOOTING_GUARD: 'SHOOTING GUARD'>],26,Team.LOS_ANGELES_LAKERS,15,325,10.3,0.54,0.369,0.117,2.7,9.0,5.9,8.3,1.5,0.3,10.0,15.7,0.2,0.4,0.6,0.094,-1.2,-0.5,-1.7,0.0
76,cancavl01,Vlatko Čančar,[<Position.SMALL_FORWARD: 'SMALL FORWARD'>],22,Team.DENVER_NUGGETS,1,2,0.0,0.0,0.0,0.0,0.0,0.0,0.0,0.0,0.0,0.0,0.0,0.0,0.0,0.0,0.0,0.027,-6.5,1.2,-5.2,0.0
77,capelca01,Clint Capela,[<Position.CENTER: 'CENTER'>],25,Team.HOUSTON_ROCKETS,14,443,21.2,0.628,0.0,0.27,10.6,34.6,22.6,4.3,1.2,5.7,12.2,16.4,0.9,0.8,1.7,0.188,-2.2,2.5,0.3,0.3
78,carrode01,DeMarre Carroll,[<Position.SMALL_FORWARD: 'SMALL FORWARD'>],33,Team.SAN_ANTONIO_SPURS,7,75,9.3,0.504,0.5,0.125,5.5,17.6,11.3,9.9,0.6,2.2,15.1,11.1,0.0,0.0,0.1,0.036,-2.1,-0.8,-2.9,0.0
79,carteje01,Jevon Carter,[<Position.POINT_GUARD: 'POINT GUARD'>],24,Team.PHOENIX_SUNS,12,190,9.8,0.554,0.638,0.085,1.2,12.5,6.8,14.8,2.9,2.3,22.3,14.0,-0.1,0.3,0.2,0.062,-1.8,2.4,0.5,0.1
80,cartevi01,Vince Carter,[<Position.SMALL_FORWARD: 'SMALL FORWARD'>],43,Team.ATLANTA_HAWKS,10,150,6.1,0.462,0.644,0.102,1.5,12.6,7.0,6.0,1.2,0.6,11.5,19.2,-0.2,0.0,-0.2,-0.056,-3.6,-3.9,-7.5,-0.2
81,cartewe01,Wendell Carter,[<Position.CENTER: 'CENTER'>],20,Team.CHICAGO_BULLS,16,448,18.2,0.634,0.077,0.5,12.8,23.3,17.9,4.6,0.6,2.8,11.7,16.5,1.1,0.6,1.7,0.182,0.0,0.5,0.5,0.3
82,cartemi01,Michael Carter-Williams,[<Position.SHOOTING_GUARD: 'SHOOTING GUARD'>],28,Team.ORLANDO_MAGIC,10,149,11.3,0.421,0.362,0.426,7.4,14.5,10.8,12.8,2.6,3.5,12.5,18.5,-0.1,0.3,0.2,0.055,-3.5,2.7,-0.8,0.0
83,carusal01,Alex Caruso,[<Position.POINT_GUARD: 'POINT GUARD'>],25,Team.LOS_ANGELES_LAKERS,14,280,9.1,0.496,0.446,0.081,0.4,9.3,4.9,13.3,2.9,1.6,18.2,14.2,-0.1,0.5,0.4,0.062,-2.9,1.8,-1.1,0.1
84,caulewi01,Willie Cauley-Stein,[<Position.CENTER: 'CENTER'>],26,Team.GOLDEN_STATE_WARRIORS,14,313,16.5,0.597,0.0,0.157,5.0,24.4,14.5,11.6,2.3,4.7,11.9,13.5,0.4,0.3,0.7,0.108,-1.7,2.6,0.9,0.2
85,chandty01,Tyson Chandler,[<Position.CENTER: 'CENTER'>],37,Team.HOUSTON_ROCKETS,14,135,14.3,0.719,0.0,0.467,13.6,20.3,16.9,5.9,1.4,4.4,21.7,6.9,0.3,0.2,0.5,0.17,-0.9,2.9,2.0,0.1
86,cheatzy01,Zylan Cheatham,[<Position.SMALL_FORWARD: 'SMALL FORWARD'>],24,Team.NEW_ORLEANS_PELICANS,2,20,-3.5,0.25,0.25,0.0,0.0,16.2,7.9,6.0,0.0,0.0,20.0,10.1,-0.1,0.0,-0.1,-0.132,-9.4,-1.8,-11.1,0.0
87,chiozch01,Chris Chiozza,[<Position.POINT_GUARD: 'POINT GUARD'>],24,Team.WASHINGTON_WIZARDS,2,35,5.1,0.333,0.444,0.0,0.0,12.6,6.2,22.4,2.6,4.8,25.0,14.0,-0.1,0.0,0.0,-0.062,-6.1,1.4,-4.7,0.0
88,chrisma01,Marquese Chriss,[<Position.POWER_FORWARD: 'POWER FORWARD'>],22,Team.GOLDEN_STATE_WARRIORS,16,272,17.2,0.558,0.135,0.382,9.3,20.0,14.5,16.3,1.9,4.8,18.1,19.6,0.2,0.2,0.4,0.076,-1.3,1.5,0.2,0.1
89,clarkga01,Gary Clark,[<Position.POWER_FORWARD: 'POWER FORWARD'>],25,Team.HOUSTON_ROCKETS,3,8,7.6,0.5,1.0,0.0,0.0,12.7,6.3,17.7,0.0,0.0,0.0,15.2,0.0,0.0,0.0,0.102,0.3,-4.4,-4.1,0.0
90,clarkbr01,Brandon Clarke,[<Position.POWER_FORWARD: 'POWER FORWARD'>],23,Team.MEMPHIS_GRIZZLIES,13,288,22.5,0.677,0.159,0.177,7.3,22.1,14.6,8.4,1.3,4.5,11.0,19.7,0.8,0.2,1.0,0.166,1.6,0.6,2.2,0.3
91,clarkjo01,Jordan Clarkson,[<Position.SHOOTING_GUARD: 'SHOOTING GUARD'>],27,Team.CLEVELAND_CAVALIERS,15,335,18.4,0.545,0.432,0.327,3.4,7.3,5.3,17.4,1.4,1.3,8.9,26.0,0.6,0.1,0.7,0.095,2.5,-2.9,-0.4,0.1
92,claxtni01,Nicolas Claxton,[<Position.POWER_FORWARD: 'POWER FORWARD'>],20,Team.BROOKLYN_NETS,7,88,11.0,0.534,0.263,0.526,7.2,13.9,10.6,11.0,0.5,0.9,11.4,12.3,0.1,0.1,0.2,0.083,-2.0,-0.8,-2.7,0.0
93,clemoch01,Chris Clemons,[<Position.SHOOTING_GUARD: 'SHOOTING GUARD'>],22,Team.HOUSTON_ROCKETS,10,98,13.9,0.635,0.825,0.1,2.1,5.2,3.6,6.3,0.9,1.7,10.7,19.3,0.2,0.1,0.2,0.107,1.4,-3.5,-2.0,0.0
94,collijo01,John Collins,[<Position.POWER_FORWARD: 'POWER FORWARD'>],22,Team.ATLANTA_HAWKS,5,161,20.5,0.621,0.311,0.279,6.9,23.5,15.2,8.0,1.5,5.7,9.3,19.4,0.4,0.1,0.5,0.146,1.0,0.8,1.8,0.2
95,colliza01,Zach Collins,[<Position.POWER_FORWARD: 'POWER FORWARD'>],22,Team.PORTLAND_TRAIL_BLAZERS,3,86,9.2,0.624,0.368,0.316,4.7,9.3,7.0,9.3,0.0,1.9,21.7,13.3,0.1,0.0,0.1,0.048,-1.7,-1.2,-2.8,0.0
96,conlemi01,Mike Conley,[<Position.POINT_GUARD: 'POINT GUARD'>],32,Team.UTAH_JAZZ,15,461,13.7,0.515,0.423,0.308,2.2,9.0,5.7,23.4,1.2,0.4,12.6,24.7,0.2,0.7,0.9,0.095,0.0,-0.2,-0.2,0.2
97,connapa01,Pat Connaughton,[<Position.SHOOTING_GUARD: 'SHOOTING GUARD'>],27,Team.MILWAUKEE_BUCKS,13,213,13.5,0.578,0.623,0.049,2.4,14.8,8.9,12.8,0.6,2.8,6.0,12.6,0.4,0.3,0.7,0.15,0.7,0.6,1.4,0.2
98,cookqu01,Quinn Cook,[<Position.POINT_GUARD: 'POINT GUARD'>],26,Team.LOS_ANGELES_LAKERS,15,216,9.6,0.479,0.364,0.039,2.1,8.0,5.1,16.9,1.3,0.4,13.3,17.8,0.0,0.3,0.2,0.05,-2.8,-1.4,-4.2,-0.1
99,cookty01,Tyler Cook,[<Position.POWER_FORWARD: 'POWER FORWARD'>],22,Team.CLEVELAND_CAVALIERS,6,17,35.2,0.872,0.0,0.333,18.4,13.0,15.8,0.0,2.8,0.0,12.7,19.9,0.1,0.0,0.1,0.32,5.8,-5.8,0.0,0.0
100,covinro01,Robert Covington,[<Position.POWER_FORWARD: 'POWER FORWARD'>],29,Team.MINNESOTA_TIMBERWOLVES,15,409,15.8,0.615,0.596,0.255,2.8,18.7,10.7,5.0,2.5,3.1,13.3,17.9,0.5,0.6,1.0,0.123,0.0,1.2,1.2,0.3
101,crabbal01,Allen Crabbe,[<Position.SHOOTING_GUARD: 'SHOOTING GUARD'>],27,Team.ATLANTA_HAWKS,5,88,9.4,0.499,0.63,0.259,2.5,13.9,8.2,1.6,1.1,2.1,6.2,15.1,0.0,0.0,0.0,0.01,-3.0,-3.2,-6.2,-0.1
102,craigto01,Torrey Craig,[<Position.SMALL_FORWARD: 'SMALL FORWARD'>],29,Team.DENVER_NUGGETS,12,186,8.1,0.4,0.488,0.22,5.0,15.0,9.9,10.7,1.3,5.5,10.0,11.5,-0.1,0.4,0.3,0.074,-3.8,4.1,0.2,0.1
103,crowdja01,Jae Crowder,[<Position.SMALL_FORWARD: 'SMALL FORWARD'>],29,Team.MEMPHIS_GRIZZLIES,14,424,11.0,0.551,0.748,0.2,2.5,19.1,10.7,13.2,1.5,1.2,15.5,14.5,0.2,0.2,0.4,0.044,-0.3,0.0,-0.3,0.2
104,culveja01,Jarrett Culver,[<Position.SHOOTING_GUARD: 'SHOOTING GUARD'>],20,Team.MINNESOTA_TIMBERWOLVES,15,348,7.2,0.426,0.44,0.216,4.1,8.3,6.2,12.7,1.8,1.4,13.5,19.7,-0.5,0.3,-0.3,-0.036,-4.0,-0.7,-4.7,-0.2
105,curryse01,Seth Curry,[<Position.SHOOTING_GUARD: 'SHOOTING GUARD'>],29,Team.DALLAS_MAVERICKS,13,280,11.7,0.59,0.633,0.241,1.9,5.8,3.9,10.9,1.4,0.9,11.2,14.9,0.4,0.2,0.6,0.104,1.0,-1.5,-0.6,0.1
106,curryst01,Stephen Curry,[<Position.POINT_GUARD: 'POINT GUARD'>],31,Team.GOLDEN_STATE_WARRIORS,4,112,21.3,0.548,0.561,0.273,3.7,15.6,9.5,40.6,2.1,1.5,16.9,33.3,0.1,0.0,0.2,0.066,5.1,-2.1,3.0,0.1
107,danietr01,Troy Daniels,[<Position.SHOOTING_GUARD: 'SHOOTING GUARD'>],28,Team.LOS_ANGELES_LAKERS,10,154,7.0,0.461,0.778,0.056,1.4,9.8,5.7,5.1,0.9,0.6,5.1,16.1,0.0,0.2,0.1,0.045,-2.0,-1.9,-4.0,-0.1
108,davisan02,Anthony Davis,[<Position.POWER_FORWARD: 'POWER FORWARD'>],26,Team.LOS_ANGELES_LAKERS,14,489,27.1,0.586,0.169,0.419,7.3,21.2,14.4,16.5,1.9,7.3,11.5,30.3,1.4,1.2,2.5,0.248,2.2,4.4,6.6,1.1
109,davised01,Ed Davis,[<Position.CENTER: 'CENTER'>],30,Team.UTAH_JAZZ,6,73,6.6,0.425,0.0,0.4,13.8,31.1,22.8,1.9,0.7,3.5,29.8,10.0,-0.1,0.2,0.1,0.074,-7.2,2.8,-4.4,0.0
110,daviste02,Terence Davis,[<Position.SHOOTING_GUARD: 'SHOOTING GUARD'>],22,Team.TORONTO_RAPTORS,14,198,17.5,0.662,0.559,0.169,2.8,16.1,10.0,20.3,1.7,1.3,11.2,15.4,0.6,0.3,0.9,0.223,3.1,1.5,4.6,0.3
111,dedmode01,Dewayne Dedmon,[<Position.CENTER: 'CENTER'>],30,Team.SACRAMENTO_KINGS,14,214,7.1,0.461,0.458,0.125,11.5,22.1,16.6,4.1,1.1,3.5,24.0,20.2,-0.4,0.2,-0.3,-0.056,-5.4,-0.9,-6.2,-0.2
112,dellama01,Matthew Dellavedova,[<Position.POINT_GUARD: 'POINT GUARD'>],29,Team.CLEVELAND_CAVALIERS,13,181,3.6,0.363,0.537,0.244,1.7,11.0,6.2,20.6,1.3,0.5,23.6,14.1,-0.3,0.0,-0.3,-0.076,-5.2,-1.4,-6.7,-0.2
113,derozde01,DeMar DeRozan,[<Position.SMALL_FORWARD: 'SMALL FORWARD'>],30,Team.SAN_ANTONIO_SPURS,16,545,20.2,0.587,0.016,0.402,1.5,14.9,8.0,21.2,1.2,1.2,12.7,26.5,1.1,0.1,1.3,0.111,0.8,-1.7,-0.8,0.2
114,diallch01,Cheick Diallo,[<Position.CENTER: 'CENTER'>],23,Team.PHOENIX_SUNS,9,49,19.2,0.746,0.0,0.267,4.5,25.4,14.8,6.6,0.0,5.3,15.2,17.1,0.1,0.1,0.2,0.171,-1.6,1.2,-0.4,0.0
115,diallha01,Hamidou Diallo,[<Position.SMALL_FORWARD: 'SMALL FORWARD'>],21,Team.OKLAHOMA_CITY_THUNDER,12,256,13.9,0.525,0.141,0.196,6.1,13.2,9.8,6.4,3.4,1.3,12.3,19.5,0.0,0.4,0.4,0.073,-2.4,1.5,-1.0,0.1
116,dienggo01,Gorgui Dieng,[<Position.CENTER: 'CENTER'>],30,Team.MINNESOTA_TIMBERWOLVES,11,134,20.3,0.49,0.314,0.275,8.4,29.2,18.8,15.2,2.7,7.7,10.9,19.3,0.1,0.3,0.4,0.142,-2.0,5.5,3.4,0.2
117,dinwisp01,Spencer Dinwiddie,[<Position.SHOOTING_GUARD: 'SHOOTING GUARD'>],26,Team.BROOKLYN_NETS,15,415,18.3,0.557,0.399,0.437,0.8,8.1,4.5,30.2,1.4,1.1,13.3,28.9,0.8,0.3,1.1,0.124,2.0,-2.8,-0.8,0.1
118,divindo01,Donte DiVincenzo,[<Position.SHOOTING_GUARD: 'SHOOTING GUARD'>],23,Team.MILWAUKEE_BUCKS,12,226,15.4,0.564,0.512,0.093,4.9,13.6,9.5,10.9,3.4,0.8,12.7,18.4,0.2,0.4,0.6,0.137,1.1,1.3,2.4,0.2
119,doncilu01,Luka Dončić,[<Position.POINT_GUARD: 'POINT GUARD'>],20,Team.DALLAS_MAVERICKS,15,509,33.2,0.632,0.459,0.453,4.9,26.5,16.0,48.8,1.9,0.3,15.9,35.1,2.7,0.7,3.4,0.321,11.8,2.3,14.1,2.1
120,dotsoda01,Damyean Dotson,[<Position.SHOOTING_GUARD: 'SHOOTING GUARD'>],25,Team.NEW_YORK_KNICKS,11,149,9.0,0.459,0.5,0.058,1.3,11.2,6.0,9.4,1.3,1.3,5.3,16.0,0.0,0.1,0.1,0.021,-2.8,-2.0,-4.8,-0.1
121,dragigo01,Goran Dragić,[<Position.POINT_GUARD: 'POINT GUARD'>],33,Team.MIAMI_HEAT,13,367,17.2,0.603,0.507,0.351,1.0,11.6,6.7,29.2,1.0,1.1,16.6,23.8,0.7,0.5,1.2,0.158,1.8,-1.1,0.6,0.2
122,drumman01,Andre Drummond,[<Position.CENTER: 'CENTER'>],26,Team.DETROIT_PISTONS,15,513,23.3,0.575,0.046,0.303,16.0,40.4,28.3,15.1,2.3,4.8,19.3,25.8,0.6,0.9,1.5,0.143,-0.4,3.8,3.5,0.7
123,dudleja01,Jared Dudley,[<Position.SMALL_FORWARD: 'SMALL FORWARD'>],34,Team.LOS_ANGELES_LAKERS,9,65,8.7,0.857,0.571,0.0,0.0,11.6,5.9,9.3,0.7,1.4,12.5,5.2,0.1,0.1,0.2,0.146,-0.5,0.3,-0.2,0.0
124,dunnkr01,Kris Dunn,[<Position.POINT_GUARD: 'POINT GUARD'>],25,Team.CHICAGO_BULLS,16,331,15.4,0.501,0.272,0.126,2.4,13.5,7.7,24.1,4.9,1.7,11.4,15.2,0.3,0.7,0.9,0.134,-0.4,3.7,3.3,0.4
125,edwarca01,Carsen Edwards,[<Position.SHOOTING_GUARD: 'SHOOTING GUARD'>],21,Team.BOSTON_CELTICS,13,151,10.2,0.463,0.583,0.183,2.0,12.6,7.4,12.4,1.3,1.2,5.8,19.4,0.0,0.2,0.2,0.065,-2.0,-0.6,-2.6,0.0
126,ellenhe01,Henry Ellenson,[<Position.FORWARD: 'FORWARD'>],23,Team.BROOKLYN_NETS,1,3,0.0,0.0,0.0,0.0,0.0,0.0,0.0,0.0,0.0,0.0,0.0,0.0,0.0,0.0,0.0,-0.004,-6.0,0.1,-5.9,0.0
127,ellinwa01,Wayne Ellington,[<Position.SHOOTING_GUARD: 'SHOOTING GUARD'>],32,Team.NEW_YORK_KNICKS,11,147,4.3,0.452,0.891,0.022,0.0,12.8,6.1,9.1,0.7,0.7,14.7,15.7,-0.2,0.0,-0.1,-0.045,-3.7,-2.8,-6.4,-0.2
128,embiijo01,Joel Embiid,[<Position.CENTER: 'CENTER'>],25,Team.PHILADELPHIA_76ERS,11,323,25.9,0.58,0.251,0.464,10.1,34.1,22.2,17.5,1.5,3.9,13.3,32.3,0.7,0.6,1.4,0.204,2.0,1.9,3.9,0.5
129,ennisja01,James Ennis,[<Position.SMALL_FORWARD: 'SMALL FORWARD'>],29,Team.PHILADELPHIA_76ERS,15,239,17.2,0.668,0.38,0.338,9.9,16.1,13.0,6.0,1.2,1.1,11.9,16.3,0.6,0.3,0.9,0.181,1.9,-1.2,0.7,0.2
130,eubandr01,Drew Eubanks,[<Position.POWER_FORWARD: 'POWER FORWARD'>],22,Team.SAN_ANTONIO_SPURS,1,2,-27.9,0.0,0.0,0.0,100.0,54.9,79.8,0.0,0.0,0.0,33.3,62.8,0.0,0.0,0.0,-1.104,-40.3,-24.2,-64.5,0.0
131,evansja02,Jacob Evans,[<Position.SHOOTING_GUARD: 'SHOOTING GUARD'>],22,Team.GOLDEN_STATE_WARRIORS,3,43,12.8,0.654,0.667,0.333,2.4,10.1,6.2,6.7,0.0,0.0,6.8,14.4,0.1,0.0,0.1,0.089,0.8,-5.3,-4.5,0.0
132,exumda01,Dante Exum,[<Position.SHOOTING_GUARD: 'SHOOTING GUARD'>],24,Team.UTAH_JAZZ,3,28,2.9,0.333,0.167,0.0,0.0,0.0,0.0,5.1,1.7,3.1,0.0,9.3,0.0,0.0,0.0,0.022,-6.6,1.5,-5.1,0.0
133,fallta01,Tacko Fall,[<Position.CENTER: 'CENTER'>],24,Team.BOSTON_CELTICS,1,4,7.8,0.5,0.0,0.0,0.0,75.2,37.9,0.0,0.0,0.0,20.0,53.2,0.0,0.0,0.0,-0.224,-24.8,-13.9,-38.8,0.0
134,favorde01,Derrick Favors,[<Position.CENTER: 'CENTER'>],28,Team.NEW_ORLEANS_PELICANS,9,189,19.5,0.618,0.034,0.103,16.8,28.1,22.3,14.5,1.2,1.8,18.8,16.0,0.4,0.1,0.6,0.146,1.0,1.3,2.3,0.2
135,fergute01,Terrance Ferguson,[<Position.SMALL_FORWARD: 'SMALL FORWARD'>],21,Team.OKLAHOMA_CITY_THUNDER,14,359,7.4,0.624,0.694,0.048,3.4,5.6,4.5,6.2,0.9,0.9,12.4,8.8,0.4,0.2,0.6,0.076,0.1,0.1,0.1,0.2
136,fernabr01,Bruno Fernando,[<Position.CENTER: 'CENTER'>],21,Team.ATLANTA_HAWKS,15,180,12.3,0.565,0.2,0.26,9.2,17.9,13.6,11.7,0.8,2.6,18.9,15.8,0.1,0.0,0.1,0.038,-1.9,-0.8,-2.7,0.0
137,ferreyo01,Yogi Ferrell,[<Position.POINT_GUARD: 'POINT GUARD'>],26,Team.SACRAMENTO_KINGS,10,125,10.6,0.536,0.375,0.375,0.9,9.5,5.1,16.6,0.8,0.7,14.7,18.9,0.1,0.0,0.1,0.04,-2.0,-3.2,-5.2,-0.1
138,finnedo01,Dorian Finney-Smith,[<Position.POWER_FORWARD: 'POWER FORWARD'>],26,Team.DALLAS_MAVERICKS,15,393,12.7,0.597,0.51,0.26,7.4,12.6,10.1,5.1,1.2,1.1,12.6,13.7,0.6,0.3,0.9,0.108,0.9,-0.4,0.5,0.3
139,forbebr01,Bryn Forbes,[<Position.SHOOTING_GUARD: 'SHOOTING GUARD'>],26,Team.SAN_ANTONIO_SPURS,16,445,13.4,0.559,0.61,0.171,1.2,9.1,5.0,7.9,1.0,0.0,5.6,20.0,0.7,0.0,0.6,0.068,1.9,-4.1,-2.2,0.0
140,fournev01,Evan Fournier,[<Position.SHOOTING_GUARD: 'SHOOTING GUARD'>],27,Team.ORLANDO_MAGIC,14,404,18.7,0.621,0.434,0.266,0.5,11.0,5.5,21.3,1.5,0.6,12.3,23.5,0.9,0.4,1.3,0.154,3.2,-1.3,1.9,0.4
141,foxde01,De'Aaron Fox,[<Position.POINT_GUARD: 'POINT GUARD'>],22,Team.SACRAMENTO_KINGS,9,288,15.8,0.528,0.234,0.484,1.9,12.7,7.2,35.7,1.2,1.6,19.2,28.9,0.1,0.1,0.2,0.04,-0.2,-1.7,-1.9,0.0
142,frazime01,Melvin Frazier,[<Position.SHOOTING_GUARD: 'SHOOTING GUARD'>],23,Team.ORLANDO_MAGIC,2,8,-1.0,0.2,0.2,0.0,12.5,0.0,6.5,19.2,0.0,0.0,0.0,27.0,0.0,0.0,0.0,-0.242,-8.6,-4.7,-13.3,0.0
143,fraziti01,Tim Frazier,[<Position.POINT_GUARD: 'POINT GUARD'>],29,Team.DETROIT_PISTONS,9,119,6.1,0.331,0.351,0.324,3.0,5.8,4.4,32.8,3.2,0.7,20.6,19.3,-0.2,0.1,-0.1,-0.056,-5.4,-2.4,-7.8,-0.2
144,fultzma01,Markelle Fultz,[<Position.POINT_GUARD: 'POINT GUARD'>],21,Team.ORLANDO_MAGIC,14,332,15.1,0.543,0.232,0.224,2.1,7.2,4.5,22.2,2.8,0.5,13.3,20.6,0.3,0.4,0.7,0.102,-0.5,-0.2,-0.7,0.1
145,gabriwe01,Wenyen Gabriel,[<Position.POWER_FORWARD: 'POWER FORWARD'>],22,Team.SACRAMENTO_KINGS,7,47,8.5,0.401,0.5,0.563,9.5,10.1,9.8,9.2,2.1,4.0,13.1,21.1,-0.1,0.0,0.0,-0.032,-3.3,-0.3,-3.7,0.0
146,gaffoda01,Daniel Gafford,[<Position.CENTER: 'CENTER'>],21,Team.CHICAGO_BULLS,7,62,20.6,0.698,0.0,0.211,12.8,6.9,9.9,2.8,0.0,9.2,4.6,14.4,0.2,0.1,0.3,0.202,1.0,2.1,3.1,0.1
147,gallida01,Danilo Gallinari,[<Position.POWER_FORWARD: 'POWER FORWARD'>],31,Team.OKLAHOMA_CITY_THUNDER,15,448,19.9,0.632,0.532,0.452,1.7,16.2,9.2,9.1,1.1,0.2,8.2,23.8,1.3,0.4,1.7,0.184,3.5,-2.0,1.4,0.4
148,gallola01,Langston Galloway,[<Position.SHOOTING_GUARD: 'SHOOTING GUARD'>],28,Team.DETROIT_PISTONS,15,400,15.2,0.635,0.607,0.326,1.5,7.8,4.6,9.0,0.8,1.2,7.8,18.1,1.0,0.1,1.1,0.127,2.8,-3.3,-0.5,0.2
149,garlada01,Darius Garland,[<Position.POINT_GUARD: 'POINT GUARD'>],20,Team.CLEVELAND_CAVALIERS,15,420,6.9,0.447,0.385,0.112,0.7,5.0,2.8,18.4,1.7,0.0,17.2,20.8,-0.7,0.0,-0.7,-0.074,-3.8,-2.9,-6.7,-0.5
150,gasolma01,Marc Gasol,[<Position.CENTER: 'CENTER'>],35,Team.TORONTO_RAPTORS,14,395,7.9,0.476,0.466,0.17,3.1,20.2,12.3,14.5,0.6,2.5,18.9,12.6,-0.1,0.7,0.6,0.074,-2.8,3.3,0.5,0.2
151,gayru01,Rudy Gay,[<Position.POWER_FORWARD: 'POWER FORWARD'>],33,Team.SAN_ANTONIO_SPURS,16,365,20.7,0.617,0.373,0.282,7.1,22.6,14.6,13.1,0.6,2.0,11.1,20.6,1.0,0.1,1.1,0.146,2.7,-1.4,1.3,0.3
152,georgpa01,Paul George,[<Position.SMALL_FORWARD: 'SMALL FORWARD'>],29,Team.LOS_ANGELES_CLIPPERS,5,143,28.2,0.675,0.543,0.469,1.5,21.8,11.9,31.8,1.3,1.3,19.1,34.8,0.5,0.2,0.8,0.258,7.5,0.1,7.6,0.3
153,gibsota01,Taj Gibson,[<Position.CENTER: 'CENTER'>],34,Team.NEW_YORK_KNICKS,13,207,16.9,0.595,0.081,0.194,12.0,17.2,14.4,12.7,1.4,0.5,12.9,15.8,0.5,0.1,0.6,0.134,0.7,-0.6,0.1,0.1
154,gilesha01,Harry Giles,[<Position.POWER_FORWARD: 'POWER FORWARD'>],21,Team.SACRAMENTO_KINGS,5,38,11.1,0.437,0.0,0.091,8.8,9.3,9.1,18.6,1.3,4.9,11.6,29.5,-0.1,0.0,0.0,-0.033,-4.7,-0.7,-5.3,0.0
155,gilgesh01,Shai Gilgeous-Alexander,[<Position.SHOOTING_GUARD: 'SHOOTING GUARD'>],21,Team.OKLAHOMA_CITY_THUNDER,15,525,16.6,0.548,0.255,0.255,3.0,13.0,8.2,14.7,1.2,1.4,10.9,25.3,0.4,0.5,0.9,0.084,-0.3,-0.4,-0.8,0.2
156,goberru01,Rudy Gobert,[<Position.CENTER: 'CENTER'>],27,Team.UTAH_JAZZ,15,523,19.2,0.679,0.0,0.798,9.9,32.6,21.7,4.8,1.4,5.2,19.6,15.3,1.0,1.4,2.4,0.218,-1.5,5.5,4.0,0.8
157,gordoaa01,Aaron Gordon,[<Position.POWER_FORWARD: 'POWER FORWARD'>],24,Team.ORLANDO_MAGIC,14,426,14.1,0.509,0.333,0.296,5.4,16.3,10.6,15.2,1.0,1.4,9.6,20.1,0.3,0.5,0.8,0.096,-0.6,0.5,0.0,0.2
158,gordoer01,Eric Gordon,[<Position.SHOOTING_GUARD: 'SHOOTING GUARD'>],31,Team.HOUSTON_ROCKETS,9,265,3.5,0.422,0.673,0.127,1.2,5.4,3.3,3.8,0.9,0.6,9.4,19.6,-0.5,0.1,-0.4,-0.065,-4.6,-3.1,-7.8,-0.4
159,grahade01,Devonte' Graham,[<Position.POINT_GUARD: 'POINT GUARD'>],24,Team.CHARLOTTE_HORNETS,16,522,17.6,0.573,0.601,0.268,2.8,9.5,6.0,34.1,1.1,0.5,16.4,25.0,0.9,0.1,1.0,0.095,3.6,-3.2,0.4,0.3
160,grahatr01,Treveon Graham,[<Position.SHOOTING_GUARD: 'SHOOTING GUARD'>],26,Team.MINNESOTA_TIMBERWOLVES,15,381,6.3,0.411,0.455,0.164,4.8,11.1,8.0,7.4,1.4,0.2,7.8,13.6,-0.2,0.2,0.1,0.008,-3.4,-0.5,-3.9,-0.2
161,grantje01,Jerami Grant,[<Position.POWER_FORWARD: 'POWER FORWARD'>],25,Team.DENVER_NUGGETS,14,300,10.9,0.508,0.411,0.205,2.7,14.3,8.4,8.0,0.7,2.5,8.9,19.2,0.0,0.4,0.4,0.07,-2.5,0.1,-2.4,0.0
162,grayjo01,Josh Gray,[<Position.POINT_GUARD: 'POINT GUARD'>],26,Team.NEW_ORLEANS_PELICANS,2,23,-4.9,0.5,0.0,0.0,4.5,4.7,4.6,10.3,0.0,0.0,71.4,12.3,-0.1,0.0,-0.1,-0.237,-10.7,-1.9,-12.5,-0.1
163,greenda02,Danny Green,[<Position.SHOOTING_GUARD: 'SHOOTING GUARD'>],32,Team.LOS_ANGELES_LAKERS,15,384,12.3,0.621,0.692,0.087,3.2,10.4,6.9,6.5,2.4,1.9,12.2,13.6,0.4,0.7,1.1,0.138,1.4,1.6,3.0,0.5
164,greendr01,Draymond Green,[<Position.POWER_FORWARD: 'POWER FORWARD'>],29,Team.GOLDEN_STATE_WARRIORS,10,296,12.3,0.46,0.345,0.195,2.1,25.0,13.4,26.0,1.9,1.5,15.2,15.8,0.0,0.2,0.2,0.025,-2.3,0.6,-1.7,0.0
165,greenja01,JaMychal Green,[<Position.POWER_FORWARD: 'POWER FORWARD'>],29,Team.LOS_ANGELES_CLIPPERS,16,355,11.6,0.555,0.66,0.16,7.2,25.5,16.6,2.3,1.3,1.3,13.0,15.1,0.2,0.6,0.8,0.115,-1.3,-0.4,-1.7,0.0
166,greenja02,Javonte Green,[<Position.SMALL_FORWARD: 'SMALL FORWARD'>],26,Team.BOSTON_CELTICS,10,71,15.0,0.563,0.286,0.179,2.9,9.9,6.4,6.9,2.7,0.0,3.2,18.7,0.1,0.1,0.2,0.138,-0.5,-0.6,-1.1,0.0
167,greenje02,Jeff Green,[<Position.POWER_FORWARD: 'POWER FORWARD'>],33,Team.UTAH_JAZZ,15,280,6.9,0.473,0.563,0.354,2.0,12.5,7.5,4.3,1.2,2.4,14.0,20.1,-0.4,0.5,0.1,0.019,-4.6,0.9,-3.8,-0.1
168,griffbl01,Blake Griffin,[<Position.POWER_FORWARD: 'POWER FORWARD'>],30,Team.DETROIT_PISTONS,4,116,17.1,0.528,0.371,0.435,6.1,14.9,10.5,23.2,0.8,1.4,15.9,32.7,0.1,0.0,0.1,0.04,-0.1,-3.0,-3.1,0.0
169,gudurma01,Marko Guduric,[<Position.SHOOTING_GUARD: 'SHOOTING GUARD'>],24,Team.MEMPHIS_GRIZZLIES,14,241,7.8,0.468,0.455,0.091,3.9,10.8,7.3,13.5,1.0,1.4,16.7,16.5,-0.2,0.0,-0.1,-0.028,-3.4,-1.6,-5.0,-0.2
170,hachiru01,Rui Hachimura,[<Position.POWER_FORWARD: 'POWER FORWARD'>],21,Team.WASHINGTON_WIZARDS,13,352,15.4,0.544,0.139,0.132,7.5,14.1,10.7,8.1,1.3,0.2,7.5,20.0,0.5,0.0,0.5,0.069,-0.2,-2.4,-2.6,-0.1
171,hallde01,Devon Hall,[<Position.SHOOTING_GUARD: 'SHOOTING GUARD'>],24,Team.OKLAHOMA_CITY_THUNDER,1,7,2.0,1.0,0.0,0.0,0.0,0.0,0.0,0.0,0.0,0.0,50.0,12.5,0.0,0.0,0.0,-0.07,-5.5,-2.7,-8.2,0.0
172,hardati02,Tim Hardaway,[<Position.SHOOTING_GUARD: 'SHOOTING GUARD'>],27,Team.DALLAS_MAVERICKS,15,329,12.6,0.526,0.596,0.212,1.0,8.0,4.6,11.7,0.3,0.5,3.6,21.3,0.5,0.1,0.6,0.093,0.9,-3.9,-3.1,-0.1
173,hardeja01,James Harden,[<Position.SHOOTING_GUARD: 'SHOOTING GUARD'>],30,Team.HOUSTON_ROCKETS,16,593,30.9,0.627,0.566,0.597,2.4,13.9,8.1,38.5,2.1,1.1,15.1,39.3,2.8,0.6,3.4,0.278,10.9,-0.7,10.2,1.8
174,harklma01,Maurice Harkless,[<Position.SMALL_FORWARD: 'SMALL FORWARD'>],26,Team.LOS_ANGELES_CLIPPERS,16,363,9.5,0.571,0.273,0.156,3.8,9.7,6.8,7.1,2.2,3.0,17.9,11.4,0.1,0.6,0.7,0.09,-1.4,3.1,1.7,0.3
175,harpeja01,Jared Harper,[<Position.POINT_GUARD: 'POINT GUARD'>],22,Team.PHOENIX_SUNS,1,2,-19.5,0.0,1.0,0.0,0.0,0.0,0.0,0.0,0.0,0.0,0.0,21.2,0.0,0.0,0.0,-0.521,-15.8,-6.5,-22.4,0.0
176,harremo01,Montrezl Harrell,[<Position.CENTER: 'CENTER'>],26,Team.LOS_ANGELES_CLIPPERS,16,486,22.8,0.611,0.025,0.363,9.7,14.9,12.4,14.5,1.5,3.9,12.9,23.0,1.2,0.8,2.0,0.197,2.2,2.6,4.8,0.8
177,harriga01,Gary Harris,[<Position.SHOOTING_GUARD: 'SHOOTING GUARD'>],25,Team.DENVER_NUGGETS,14,448,9.2,0.502,0.391,0.138,1.4,10.1,5.6,7.7,2.0,0.8,9.3,15.4,0.0,0.7,0.7,0.07,-2.1,1.2,-0.9,0.1
178,harrijo01,Joe Harris,[<Position.SMALL_FORWARD: 'SMALL FORWARD'>],28,Team.BROOKLYN_NETS,15,483,12.2,0.616,0.554,0.102,3.3,8.9,6.1,8.2,1.0,0.8,12.8,15.9,0.6,0.3,0.9,0.086,0.9,-1.1,-0.2,0.2
179,harrito02,Tobias Harris,[<Position.POWER_FORWARD: 'POWER FORWARD'>],27,Team.PHILADELPHIA_76ERS,15,515,17.1,0.571,0.302,0.219,2.6,21.6,12.2,15.9,1.6,1.8,11.6,21.7,0.7,0.8,1.5,0.138,0.4,1.0,1.4,0.4
180,harrish01,Shaquille Harrison,[<Position.SMALL_FORWARD: 'SMALL FORWARD'>],26,Team.CHICAGO_BULLS,9,73,18.9,0.482,0.161,0.387,2.7,27.7,14.7,24.0,3.2,3.9,5.2,21.6,0.1,0.2,0.2,0.158,-1.3,4.0,2.7,0.1
181,hartjo01,Josh Hart,[<Position.SMALL_FORWARD: 'SMALL FORWARD'>],24,Team.NEW_ORLEANS_PELICANS,10,277,15.6,0.614,0.613,0.237,4.8,20.7,12.6,6.9,2.3,1.2,12.0,17.1,0.5,0.2,0.7,0.117,1.3,-0.2,1.1,0.2
182,harteis01,Isaiah Hartenstein,[<Position.CENTER: 'CENTER'>],21,Team.HOUSTON_ROCKETS,4,61,16.4,0.948,0.0,0.875,8.3,20.0,14.2,2.3,0.7,4.2,26.5,10.0,0.2,0.1,0.2,0.195,-1.0,0.6,-0.5,0.0
183,hasleud01,Udonis Haslem,[<Position.POWER_FORWARD: 'POWER FORWARD'>],39,Team.MIAMI_HEAT,2,11,15.9,0.906,0.0,4.0,0.0,29.1,15.5,0.0,0.0,0.0,0.0,10.7,0.1,0.0,0.1,0.314,-1.8,-4.7,-6.5,0.0
184,hayesja02,Jaxson Hayes,[<Position.CENTER: 'CENTER'>],19,Team.NEW_ORLEANS_PELICANS,12,209,18.7,0.649,0.034,0.534,10.3,14.5,12.4,4.1,2.2,5.3,11.2,15.6,0.5,0.2,0.7,0.162,0.2,1.7,1.9,0.2
185,haywago01,Gordon Hayward,[<Position.SMALL_FORWARD: 'SMALL FORWARD'>],29,Team.BOSTON_CELTICS,8,249,22.1,0.638,0.273,0.173,2.5,20.5,11.6,22.8,1.2,0.7,11.2,22.8,0.7,0.4,1.1,0.206,3.2,0.9,4.1,0.4
186,hensojo01,John Henson,[<Position.POWER_FORWARD: 'POWER FORWARD'>],29,Team.CLEVELAND_CAVALIERS,1,8,26.8,0.323,0.5,3.0,26.1,13.8,20.1,0.0,12.1,21.0,17.7,30.2,0.0,0.0,0.0,-0.044,-6.0,12.1,6.1,0.0
187,hernade01,Dewan Hernandez,[<Position.CENTER: 'CENTER'>],23,Team.TORONTO_RAPTORS,2,8,4.7,0.5,0.5,0.0,0.0,47.0,25.3,0.0,5.9,0.0,33.3,16.0,0.0,0.0,0.0,0.034,-11.4,0.9,-10.5,0.0
188,hernaju01,Juan Hernangómez,[<Position.POWER_FORWARD: 'POWER FORWARD'>],24,Team.DENVER_NUGGETS,7,102,10.1,0.573,0.625,0.208,4.0,14.7,9.3,5.5,0.0,1.8,10.3,12.3,0.1,0.1,0.2,0.094,-1.9,-0.3,-2.3,0.0
189,hernawi01,Willy Hernangómez,[<Position.CENTER: 'CENTER'>],25,Team.CHARLOTTE_HORNETS,4,38,17.9,0.546,0.25,0.5,13.9,12.2,13.1,8.2,1.3,6.9,17.0,19.9,0.0,0.0,0.1,0.07,-1.9,1.3,-0.6,0.0
190,herroty01,Tyler Herro,[<Position.SHOOTING_GUARD: 'SHOOTING GUARD'>],20,Team.MIAMI_HEAT,13,377,12.0,0.571,0.447,0.227,1.6,14.1,8.3,12.8,1.3,0.3,16.2,20.9,0.1,0.5,0.7,0.085,-1.6,-0.4,-2.0,0.0
191,hezonma01,Mario Hezonja,[<Position.POWER_FORWARD: 'POWER FORWARD'>],24,Team.PORTLAND_TRAIL_BLAZERS,16,314,7.7,0.47,0.367,0.266,3.5,22.4,13.0,7.1,1.6,0.5,15.3,13.7,-0.1,0.3,0.1,0.019,-4.0,0.4,-3.6,-0.1
192,hieldbu01,Buddy Hield,[<Position.SHOOTING_GUARD: 'SHOOTING GUARD'>],27,Team.SACRAMENTO_KINGS,14,446,13.7,0.545,0.562,0.116,3.0,13.5,8.1,11.1,1.3,1.3,14.3,27.7,0.0,0.2,0.2,0.017,0.6,-2.6,-2.1,0.0
193,hillge01,George Hill,[<Position.POINT_GUARD: 'POINT GUARD'>],33,Team.MILWAUKEE_BUCKS,15,343,16.6,0.648,0.474,0.274,5.0,8.7,6.9,17.6,1.4,0.3,8.6,13.8,1.1,0.4,1.5,0.209,3.6,-0.6,3.1,0.4
194,hillso01,Solomon Hill,[<Position.SMALL_FORWARD: 'SMALL FORWARD'>],28,Team.MEMPHIS_GRIZZLIES,12,214,11.4,0.564,0.582,0.255,3.0,14.1,8.5,11.9,2.1,0.4,12.8,13.6,0.2,0.1,0.3,0.063,-0.5,-0.8,-1.3,0.0
195,hoardja01,Jaylen Hoard,[<Position.SMALL_FORWARD: 'SMALL FORWARD'>],20,Team.PORTLAND_TRAIL_BLAZERS,1,0,0.0,0.0,0.0,0.0,0.0,0.0,0.0,0.0,0.0,0.0,0.0,0.0,0.0,0.0,0.0,0.0,-5.6,0.0,-5.6,0.0
196,holidaa01,Aaron Holiday,[<Position.POINT_GUARD: 'POINT GUARD'>],23,Team.INDIANA_PACERS,12,280,13.4,0.498,0.416,0.088,2.7,10.7,6.7,23.6,2.1,0.3,12.0,20.3,0.2,0.4,0.6,0.1,-0.2,0.3,0.1,0.2
197,holidjr01,Jrue Holiday,[<Position.SHOOTING_GUARD: 'SHOOTING GUARD'>],29,Team.NEW_ORLEANS_PELICANS,13,462,15.5,0.498,0.309,0.189,3.1,11.9,7.4,30.6,2.7,1.7,17.3,24.9,0.1,0.3,0.4,0.045,-0.5,0.2,-0.3,0.2
198,holidju01,Justin Holiday,[<Position.SHOOTING_GUARD: 'SHOOTING GUARD'>],30,Team.INDIANA_PACERS,14,364,9.4,0.505,0.649,0.165,2.0,14.4,8.2,7.5,1.3,2.2,8.0,13.3,0.1,0.6,0.7,0.095,-1.5,2.0,0.5,0.2
199,holliro01,Rondae Hollis-Jefferson,[<Position.SMALL_FORWARD: 'SMALL FORWARD'>],25,Team.TORONTO_RAPTORS,7,146,17.7,0.601,0.021,0.34,14.3,13.5,13.9,8.3,2.3,1.2,15.6,18.8,0.3,0.3,0.5,0.178,0.5,1.9,2.3,0.2
200,holmeri01,Richaun Holmes,[<Position.CENTER: 'CENTER'>],26,Team.SACRAMENTO_KINGS,14,373,19.8,0.679,0.0,0.311,11.1,24.7,17.7,4.7,1.2,4.8,11.4,15.3,1.1,0.4,1.4,0.185,1.0,1.3,2.3,0.4
201,hoodro01,Rodney Hood,[<Position.SMALL_FORWARD: 'SMALL FORWARD'>],27,Team.PORTLAND_TRAIL_BLAZERS,14,421,12.4,0.626,0.412,0.168,1.9,9.8,5.9,5.7,1.4,0.8,11.1,14.1,0.6,0.1,0.7,0.084,0.4,-0.6,-0.2,0.2
202,horfoal01,Al Horford,[<Position.CENTER: 'CENTER'>],33,Team.PHILADELPHIA_76ERS,14,441,17.5,0.511,0.332,0.166,7.4,17.7,12.6,19.4,1.7,2.5,7.8,20.7,0.7,0.7,1.3,0.146,1.3,1.5,2.8,0.5
203,houseda01,Danuel House,[<Position.SMALL_FORWARD: 'SMALL FORWARD'>],26,Team.HOUSTON_ROCKETS,12,347,14.8,0.65,0.699,0.247,3.5,13.2,8.3,5.7,2.0,2.4,10.4,13.4,0.7,0.4,1.1,0.146,1.3,0.9,2.1,0.4
204,howardw01,Dwight Howard,[<Position.CENTER: 'CENTER'>],34,Team.LOS_ANGELES_LAKERS,15,305,17.8,0.728,0.0,0.625,12.4,28.0,20.3,6.1,0.9,7.1,21.0,12.6,0.7,0.7,1.4,0.217,-0.4,4.6,4.2,0.5
205,huertke01,Kevin Huerter,[<Position.SHOOTING_GUARD: 'SHOOTING GUARD'>],21,Team.ATLANTA_HAWKS,10,225,12.5,0.57,0.587,0.2,3.0,14.3,8.6,18.5,1.2,1.2,17.2,18.2,0.2,0.0,0.2,0.043,0.1,-2.2,-2.0,0.0
206,huntede01,De'Andre Hunter,[<Position.SMALL_FORWARD: 'SMALL FORWARD'>],22,Team.ATLANTA_HAWKS,15,456,9.1,0.505,0.387,0.252,1.9,13.9,7.9,8.1,1.1,0.8,10.9,17.5,0.0,0.0,0.0,0.0,-2.4,-2.2,-4.6,-0.3
207,hutchch01,Chandler Hutchison,[<Position.SMALL_FORWARD: 'SMALL FORWARD'>],23,Team.CHICAGO_BULLS,7,144,10.4,0.543,0.262,0.619,0.7,21.4,10.7,8.2,1.3,1.3,15.8,18.1,0.0,0.2,0.2,0.052,-4.6,0.2,-4.4,-0.1
208,ibakase01,Serge Ibaka,[<Position.CENTER: 'CENTER'>],30,Team.TORONTO_RAPTORS,8,183,18.2,0.595,0.19,0.274,4.2,23.1,14.4,5.5,1.3,4.8,15.3,26.0,0.1,0.4,0.5,0.121,-3.3,1.7,-1.6,0.0
209,ilyaser01,Ersan İlyasova,[<Position.POWER_FORWARD: 'POWER FORWARD'>],32,Team.MILWAUKEE_BUCKS,14,221,13.0,0.527,0.544,0.265,6.9,21.9,14.7,4.7,1.2,1.9,6.2,14.8,0.3,0.4,0.7,0.143,-0.8,0.0,-0.9,0.1
210,inglejo01,Joe Ingles,[<Position.SMALL_FORWARD: 'SMALL FORWARD'>],32,Team.UTAH_JAZZ,15,416,7.6,0.472,0.66,0.186,1.3,14.4,8.1,18.4,1.2,0.4,17.3,13.3,-0.1,0.7,0.6,0.069,-2.1,2.0,-0.1,0.2
211,ingrabr01,Brandon Ingram,[<Position.POWER_FORWARD: 'POWER FORWARD'>],22,Team.NEW_ORLEANS_PELICANS,11,356,23.7,0.616,0.299,0.313,2.9,21.6,12.0,21.4,1.3,2.6,13.3,30.0,0.9,0.2,1.1,0.151,3.2,-0.2,3.0,0.5
212,irvinky01,Kyrie Irving,[<Position.POINT_GUARD: 'POINT GUARD'>],27,Team.BROOKLYN_NETS,11,372,26.2,0.561,0.361,0.25,2.8,13.4,8.2,39.4,1.5,1.3,8.5,33.6,1.3,0.3,1.6,0.208,7.3,-0.8,6.6,0.8
213,isaacjo01,Jonathan Isaac,[<Position.SMALL_FORWARD: 'SMALL FORWARD'>],22,Team.ORLANDO_MAGIC,12,370,18.7,0.588,0.377,0.254,5.4,19.0,11.9,9.0,2.0,8.0,13.0,17.0,0.5,0.8,1.2,0.161,-0.5,5.5,5.0,0.7
214,iwundwe01,Wesley Iwundu,[<Position.SMALL_FORWARD: 'SMALL FORWARD'>],25,Team.ORLANDO_MAGIC,6,59,7.5,0.391,0.462,1.077,5.1,20.2,12.3,9.1,0.8,1.5,13.5,16.2,-0.1,0.1,0.0,0.007,-6.0,0.0,-6.0,-0.1
215,jacksfr01,Frank Jackson,[<Position.POINT_GUARD: 'POINT GUARD'>],21,Team.NEW_ORLEANS_PELICANS,14,243,11.9,0.539,0.473,0.25,2.1,7.6,4.8,11.3,1.5,0.4,12.0,23.5,0.1,0.0,0.2,0.031,-1.0,-3.6,-4.5,-0.2
216,jacksja02,Jaren Jackson,[<Position.CENTER: 'CENTER'>],20,Team.MEMPHIS_GRIZZLIES,13,338,13.3,0.572,0.389,0.236,5.6,14.7,10.1,7.2,0.8,3.1,14.1,22.7,0.2,0.1,0.3,0.041,-0.9,-1.7,-2.6,-0.1
217,jacksju01,Justin Jackson,[<Position.POWER_FORWARD: 'POWER FORWARD'>],24,Team.DALLAS_MAVERICKS,14,197,15.6,0.626,0.507,0.155,3.8,13.9,9.0,4.4,0.5,0.8,5.0,17.2,0.5,0.1,0.6,0.145,1.3,-2.9,-1.6,0.0
218,jacksre01,Reggie Jackson,[<Position.POINT_GUARD: 'POINT GUARD'>],29,Team.DETROIT_PISTONS,2,36,11.0,0.437,0.455,0.091,3.3,12.8,8.1,31.7,0.0,0.0,8.0,14.9,0.0,0.0,0.0,0.064,-1.0,-4.3,-5.3,0.0
219,jamesju01,Justin James,[<Position.SHOOTING_GUARD: 'SHOOTING GUARD'>],23,Team.SACRAMENTO_KINGS,5,48,12.4,0.449,0.304,0.261,0.0,12.3,6.0,14.0,2.0,3.9,7.2,24.9,-0.1,0.0,0.0,-0.027,-3.9,-1.2,-5.1,0.0
220,jamesle01,LeBron James,[<Position.POINT_GUARD: 'POINT GUARD'>],35,Team.LOS_ANGELES_LAKERS,15,524,27.7,0.567,0.279,0.307,3.2,20.8,12.1,52.2,1.7,1.5,13.4,30.9,1.9,1.0,2.8,0.259,7.2,2.5,9.7,1.5
221,jeffeam01,Amile Jefferson,[<Position.POWER_FORWARD: 'POWER FORWARD'>],26,Team.ORLANDO_MAGIC,2,9,39.6,1.0,0.0,0.0,22.2,12.0,17.3,50.1,0.0,0.0,25.0,19.2,0.1,0.0,0.1,0.386,13.3,-1.5,11.9,0.0
222,jeffrda01,DaQuan Jeffries,[<Position.SHOOTING_GUARD: 'SHOOTING GUARD'>],22,Team.SACRAMENTO_KINGS,2,11,12.8,1.0,0.0,0.0,10.1,0.0,5.2,12.8,0.0,0.0,0.0,3.9,0.0,0.0,0.0,0.159,3.3,-3.4,-0.1,0.0
223,johnsal02,Alize Johnson,[<Position.SMALL_FORWARD: 'SMALL FORWARD'>],23,Team.INDIANA_PACERS,5,32,19.4,0.604,0.0,0.444,19.9,20.1,20.0,8.8,0.0,0.0,8.5,15.7,0.1,0.0,0.2,0.232,1.4,-0.9,0.4,0.0
224,johnsca02,Cameron Johnson,[<Position.POWER_FORWARD: 'POWER FORWARD'>],23,Team.PHOENIX_SUNS,12,218,16.0,0.636,0.675,0.181,5.1,13.0,9.0,6.2,1.3,1.6,8.2,19.0,0.4,0.2,0.7,0.149,2.8,-1.1,1.7,0.2
225,johnsja01,James Johnson,[<Position.POWER_FORWARD: 'POWER FORWARD'>],32,Team.MIAMI_HEAT,5,60,11.4,0.506,0.5,0.222,4.1,14.2,9.5,9.6,2.4,3.3,13.2,16.2,0.0,0.1,0.1,0.09,-2.7,2.1,-0.6,0.0
226,johnske04,Keldon Johnson,[<Position.GUARD: 'GUARD'>],20,Team.SAN_ANTONIO_SPURS,1,2,-19.9,0.0,0.0,0.0,0.0,0.0,0.0,0.0,0.0,0.0,0.0,20.9,0.0,0.0,0.0,-0.53,-20.4,-6.9,-27.4,0.0
227,johnsst04,Stanley Johnson,[<Position.POWER_FORWARD: 'POWER FORWARD'>],23,Team.TORONTO_RAPTORS,5,19,-3.4,0.389,0.444,0.0,11.5,24.7,18.6,0.0,2.5,0.0,30.8,29.3,-0.1,0.0,-0.1,-0.219,-14.4,-4.8,-19.2,-0.1
228,johnsty01,Tyler Johnson,[<Position.SHOOTING_GUARD: 'SHOOTING GUARD'>],27,Team.PHOENIX_SUNS,14,278,8.7,0.516,0.476,0.167,1.2,9.4,5.2,15.4,0.8,1.6,14.3,16.0,0.0,0.2,0.2,0.042,-2.3,-0.6,-2.9,-0.1
229,jokicni01,Nikola Jokić,[<Position.CENTER: 'CENTER'>],24,Team.DENVER_NUGGETS,14,433,21.1,0.535,0.313,0.197,6.7,26.0,16.1,33.0,1.9,1.7,14.1,26.1,0.6,0.9,1.5,0.172,3.1,3.4,6.5,0.9
230,jonesda03,Damian Jones,[<Position.CENTER: 'CENTER'>],24,Team.ATLANTA_HAWKS,14,245,17.2,0.72,0.071,0.375,10.0,13.2,11.6,6.8,1.5,4.1,13.3,12.7,0.7,0.1,0.8,0.15,1.4,0.5,1.9,0.2
231,jonesde02,Derrick Jones,[<Position.SMALL_FORWARD: 'SMALL FORWARD'>],22,Team.MIAMI_HEAT,4,57,16.0,0.657,0.2,0.15,6.4,9.4,8.0,5.7,2.5,0.0,8.6,17.5,0.1,0.1,0.2,0.191,0.7,-0.7,0.0,0.0
232,jonesty01,Tyus Jones,[<Position.POINT_GUARD: 'POINT GUARD'>],23,Team.MEMPHIS_GRIZZLIES,14,288,11.5,0.452,0.27,0.19,0.0,7.5,3.7,34.2,2.2,0.0,15.6,18.5,0.0,0.1,0.1,0.01,-3.0,-3.7,-6.7,-0.3
233,jordade01,DeAndre Jordan,[<Position.CENTER: 'CENTER'>],31,Team.BROOKLYN_NETS,14,303,20.4,0.672,0.0,0.47,10.8,33.9,22.6,14.3,0.9,4.2,15.0,12.7,0.8,0.5,1.3,0.211,0.1,3.7,3.8,0.4
234,josepco01,Cory Joseph,[<Position.POINT_GUARD: 'POINT GUARD'>],28,Team.SACRAMENTO_KINGS,14,305,8.4,0.421,0.259,0.141,3.3,10.1,6.6,23.2,1.1,2.8,17.4,15.5,-0.1,0.1,0.0,0.002,-3.4,-0.4,-3.8,-0.1
235,kabenmf01,Mfiondu Kabengele,[<Position.CENTER: 'CENTER'>],22,Team.LOS_ANGELES_CLIPPERS,4,14,35.8,0.945,0.833,0.333,0.0,21.5,11.1,0.0,0.0,6.5,0.0,20.2,0.1,0.0,0.1,0.433,10.1,-4.0,6.1,0.0
236,kaminfr01,Frank Kaminsky,[<Position.CENTER: 'CENTER'>],26,Team.PHOENIX_SUNS,14,336,12.4,0.532,0.433,0.45,4.0,22.5,13.1,12.0,0.4,1.3,11.7,20.5,0.2,0.4,0.5,0.077,-1.7,-0.3,-2.0,0.0
237,kanteen01,Enes Kanter,[<Position.CENTER: 'CENTER'>],27,Team.BOSTON_CELTICS,8,121,21.7,0.622,0.029,0.6,14.3,23.2,18.8,8.9,1.6,3.0,13.7,18.0,0.3,0.2,0.6,0.223,0.0,2.4,2.4,0.1
238,kennalu01,Luke Kennard,[<Position.SHOOTING_GUARD: 'SHOOTING GUARD'>],23,Team.DETROIT_PISTONS,15,511,15.6,0.587,0.536,0.273,0.9,11.5,6.2,20.6,0.8,0.3,9.2,20.2,1.2,0.1,1.3,0.122,2.9,-3.1,-0.3,0.2
239,kiddst01,Stanton Kidd,[<Position.SMALL_FORWARD: 'SMALL FORWARD'>],27,Team.UTAH_JAZZ,4,15,-13.7,0.0,0.333,0.0,0.0,20.7,10.8,8.6,0.0,0.0,40.0,14.5,-0.1,0.0,-0.1,-0.299,-16.5,1.6,-14.9,0.0
240,kiddgmi01,Michael Kidd-Gilchrist,[<Position.POWER_FORWARD: 'POWER FORWARD'>],26,Team.CHARLOTTE_HORNETS,2,18,0.4,0.322,0.3,0.2,5.9,32.2,18.4,8.1,0.0,0.0,8.4,28.3,-0.1,0.0,-0.1,-0.179,-11.5,-5.2,-16.7,-0.1
241,klebima01,Maxi Kleber,[<Position.CENTER: 'CENTER'>],28,Team.DALLAS_MAVERICKS,14,366,12.6,0.565,0.629,0.155,6.2,17.4,12.0,5.7,0.5,2.7,8.0,13.0,0.6,0.3,0.9,0.117,0.5,0.2,0.6,0.2
242,knighbr03,Brandon Knight,[<Position.POINT_GUARD: 'POINT GUARD'>],28,Team.CLEVELAND_CAVALIERS,6,76,9.6,0.489,0.813,0.125,1.4,8.7,4.9,24.7,1.3,0.0,15.1,22.4,0.0,0.0,0.0,-0.009,0.3,-4.3,-3.9,0.0
243,knoxke01,Kevin Knox,[<Position.SMALL_FORWARD: 'SMALL FORWARD'>],20,Team.NEW_YORK_KNICKS,15,319,12.5,0.53,0.519,0.358,2.8,12.9,7.6,10.7,1.4,0.9,8.2,17.7,0.3,0.1,0.5,0.074,-0.3,-1.8,-2.0,0.0
244,konchjo01,John Konchar,[<Position.SHOOTING_GUARD: 'SHOOTING GUARD'>],23,Team.MEMPHIS_GRIZZLIES,1,7,0.0,0.0,0.0,0.0,0.0,0.0,0.0,0.0,0.0,0.0,0.0,0.0,0.0,0.0,0.0,-0.025,-6.0,-0.6,-6.7,0.0
245,korkmfu01,Furkan Korkmaz,[<Position.SHOOTING_GUARD: 'SHOOTING GUARD'>],22,Team.PHILADELPHIA_76ERS,15,345,10.4,0.584,0.626,0.13,1.0,9.6,5.3,4.8,0.6,1.2,8.3,16.1,0.3,0.3,0.6,0.089,-0.4,-2.1,-2.5,0.0
246,kornelu01,Luke Kornet,[<Position.CENTER: 'CENTER'>],24,Team.CHICAGO_BULLS,10,116,9.5,0.442,0.535,0.116,4.3,12.8,8.4,7.6,0.4,5.7,6.2,17.1,0.0,0.1,0.1,0.032,-3.6,0.8,-2.8,0.0
247,korveky01,Kyle Korver,[<Position.SMALL_FORWARD: 'SMALL FORWARD'>],38,Team.MILWAUKEE_BUCKS,12,184,9.4,0.576,0.8,0.123,2.8,7.1,5.0,0.7,0.7,1.9,12.7,17.3,0.0,0.2,0.2,0.057,-0.9,-2.6,-3.4,-0.1
248,kurucro01,Rodions Kurucs,[<Position.POWER_FORWARD: 'POWER FORWARD'>],21,Team.BROOKLYN_NETS,9,98,1.4,0.464,0.25,0.3,5.4,17.7,11.6,1.3,1.9,0.0,32.7,14.1,-0.3,0.1,-0.2,-0.079,-8.4,-1.0,-9.3,-0.2
249,kuzmaky01,Kyle Kuzma,[<Position.POWER_FORWARD: 'POWER FORWARD'>],24,Team.LOS_ANGELES_LAKERS,11,248,12.5,0.574,0.535,0.175,2.7,15.2,9.1,3.6,0.2,1.4,12.8,24.2,0.0,0.3,0.4,0.069,-1.6,-3.1,-4.7,-0.2
250,labissk01,Skal Labissière,[<Position.CENTER: 'CENTER'>],23,Team.PORTLAND_TRAIL_BLAZERS,16,258,17.1,0.582,0.077,0.256,13.3,17.5,15.4,10.2,0.7,6.0,18.0,16.9,0.4,0.2,0.6,0.116,-0.8,2.4,1.6,0.2
251,lambje01,Jeremy Lamb,[<Position.SHOOTING_GUARD: 'SHOOTING GUARD'>],27,Team.INDIANA_PACERS,5,165,17.5,0.553,0.309,0.294,3.2,17.5,10.3,9.8,2.1,2.2,7.2,21.4,0.3,0.3,0.6,0.164,-0.1,1.7,1.6,0.1
252,langfro01,Romeo Langford,[<Position.SHOOTING_GUARD: 'SHOOTING GUARD'>],20,Team.BOSTON_CELTICS,1,0,0.0,0.0,0.0,0.0,0.0,0.0,0.0,0.0,0.0,0.0,0.0,0.0,0.0,0.0,0.0,0.0,-6.2,1.4,-4.9,0.0
253,lavinza01,Zach LaVine,[<Position.SHOOTING_GUARD: 'SHOOTING GUARD'>],24,Team.CHICAGO_BULLS,16,503,14.7,0.518,0.385,0.234,3.0,10.8,6.7,21.8,1.8,1.3,15.0,28.9,-0.1,0.5,0.4,0.034,-0.1,-0.7,-0.8,0.2
254,laymaja01,Jake Layman,[<Position.POWER_FORWARD: 'POWER FORWARD'>],25,Team.MINNESOTA_TIMBERWOLVES,14,369,10.4,0.539,0.409,0.076,3.3,8.1,5.7,4.4,1.5,2.2,11.7,16.9,0.0,0.3,0.3,0.037,-2.2,-0.5,-2.6,-0.1
255,leaftj01,T.J. Leaf,[<Position.POWER_FORWARD: 'POWER FORWARD'>],22,Team.INDIANA_PACERS,12,146,14.9,0.477,0.157,0.157,12.4,24.9,18.6,5.7,2.0,1.8,8.4,17.4,0.1,0.3,0.4,0.127,-2.9,1.5,-1.4,0.0
256,leeco01,Courtney Lee,[<Position.SHOOTING_GUARD: 'SHOOTING GUARD'>],34,Team.DALLAS_MAVERICKS,5,47,18.1,0.706,0.412,0.0,0.0,4.3,2.2,9.6,0.0,3.5,0.0,15.3,0.2,0.0,0.2,0.19,2.7,-2.8,-0.1,0.0
257,leeda03,Damion Lee,[<Position.SHOOTING_GUARD: 'SHOOTING GUARD'>],27,Team.GOLDEN_STATE_WARRIORS,11,241,12.8,0.521,0.385,0.363,3.9,15.4,9.5,12.4,1.6,0.0,11.0,20.6,0.1,0.0,0.2,0.031,-1.2,-3.0,-4.2,-0.1
258,lenal01,Alex Len,[<Position.CENTER: 'CENTER'>],26,Team.ATLANTA_HAWKS,15,261,11.9,0.495,0.313,0.425,8.9,20.9,14.9,7.3,0.7,5.6,14.4,17.6,0.0,0.1,0.1,0.023,-3.4,0.3,-3.1,-0.1
259,leonaka01,Kawhi Leonard,[<Position.SMALL_FORWARD: 'SMALL FORWARD'>],28,Team.LOS_ANGELES_CLIPPERS,11,358,24.3,0.539,0.279,0.323,3.6,22.5,13.3,29.8,3.3,2.8,14.4,35.2,0.4,0.8,1.2,0.158,2.7,3.8,6.5,0.8
260,leoname01,Meyers Leonard,[<Position.POWER_FORWARD: 'POWER FORWARD'>],27,Team.MIAMI_HEAT,14,279,12.6,0.73,0.359,0.109,1.8,21.4,12.3,6.8,0.8,2.5,17.3,12.4,0.3,0.5,0.8,0.144,-1.1,1.6,0.5,0.2
261,leverca01,Caris LeVert,[<Position.SHOOTING_GUARD: 'SHOOTING GUARD'>],25,Team.BROOKLYN_NETS,9,284,11.1,0.491,0.257,0.221,3.7,12.5,8.2,20.1,1.0,0.3,16.8,26.6,-0.3,0.2,-0.1,-0.021,-3.2,-1.8,-5.0,-0.2
262,lillada01,Damian Lillard,[<Position.POINT_GUARD: 'POINT GUARD'>],29,Team.PORTLAND_TRAIL_BLAZERS,14,536,25.5,0.612,0.462,0.398,1.3,11.6,6.5,30.2,1.4,1.2,10.9,28.3,2.2,0.2,2.4,0.213,7.3,-1.6,5.6,1.0
263,littlna01,Nassir Little,[<Position.POWER_FORWARD: 'POWER FORWARD'>],19,Team.PORTLAND_TRAIL_BLAZERS,9,156,10.7,0.5,0.396,0.333,7.8,16.1,12.0,3.5,1.2,1.6,8.3,15.9,0.1,0.1,0.2,0.058,-2.0,-1.4,-3.4,-0.1
264,looneke01,Kevon Looney,[<Position.CENTER: 'CENTER'>],23,Team.GOLDEN_STATE_WARRIORS,1,10,18.6,0.375,0.25,0.0,52.4,43.6,48.1,14.0,0.0,0.0,20.0,21.0,0.0,0.0,0.0,0.104,1.9,-3.2,-1.3,0.0
265,lopezbr01,Brook Lopez,[<Position.CENTER: 'CENTER'>],31,Team.MILWAUKEE_BUCKS,15,406,15.2,0.559,0.558,0.261,2.8,14.0,8.6,7.2,1.3,7.6,10.0,17.1,0.4,0.8,1.2,0.143,-0.3,3.6,3.3,0.5
266,lopezro01,Robin Lopez,[<Position.CENTER: 'CENTER'>],31,Team.MILWAUKEE_BUCKS,15,213,7.8,0.525,0.417,0.217,6.2,12.2,9.3,4.9,0.6,2.8,20.6,15.7,-0.1,0.3,0.1,0.033,-3.5,0.1,-3.4,-0.1
267,loveke01,Kevin Love,[<Position.POWER_FORWARD: 'POWER FORWARD'>],31,Team.CLEVELAND_CAVALIERS,14,450,20.0,0.621,0.506,0.494,3.7,36.6,19.7,13.6,1.2,1.1,17.2,23.2,0.8,0.4,1.2,0.129,1.4,0.3,1.7,0.4
268,lowryky01,Kyle Lowry,[<Position.POINT_GUARD: 'POINT GUARD'>],33,Team.TORONTO_RAPTORS,8,289,20.0,0.662,0.602,0.372,0.8,10.4,6.0,27.5,1.5,0.9,17.0,23.5,0.8,0.4,1.2,0.202,4.8,-0.3,4.5,0.5
269,luwawti01,Timothé Luwawu-Cabarrot,[<Position.SHOOTING_GUARD: 'SHOOTING GUARD'>],24,Team.BROOKLYN_NETS,1,5,-10.7,0.174,0.5,1.0,0.0,0.0,0.0,0.0,0.0,0.0,0.0,23.6,0.0,0.0,0.0,-0.357,-14.2,-7.5,-21.7,0.0
270,lylestr01,Trey Lyles,[<Position.POWER_FORWARD: 'POWER FORWARD'>],24,Team.SAN_ANTONIO_SPURS,16,291,11.3,0.543,0.519,0.13,8.9,31.7,19.9,8.1,0.5,1.1,18.6,10.1,0.2,0.1,0.4,0.059,-1.7,-0.4,-2.1,0.0
271,maconda01,Daryl Macon,[<Position.SHOOTING_GUARD: 'SHOOTING GUARD'>],24,Team.MIAMI_HEAT,3,13,-3.0,0.5,0.667,0.0,0.0,0.0,0.0,10.2,0.0,0.0,40.0,16.4,0.0,0.0,0.0,-0.132,-9.4,-5.2,-14.5,0.0
272,magetjo01,Josh Magette,[<Position.POINT_GUARD: 'POINT GUARD'>],30,Team.ORLANDO_MAGIC,2,8,33.6,0.4,0.0,0.0,12.5,13.5,13.0,47.5,12.3,0.0,0.0,27.0,0.0,0.0,0.0,0.259,7.1,10.1,17.2,0.0
273,makerth01,Thon Maker,[<Position.CENTER: 'CENTER'>],22,Team.DETROIT_PISTONS,15,195,10.8,0.585,0.333,0.788,5.4,12.4,8.9,6.4,1.5,5.0,16.8,11.8,0.1,0.2,0.3,0.072,-1.7,1.3,-0.4,0.1
274,mannte01,Terance Mann,[<Position.SHOOTING_GUARD: 'SHOOTING GUARD'>],23,Team.LOS_ANGELES_CLIPPERS,11,96,9.8,0.536,0.217,0.217,1.1,15.7,8.6,24.3,1.0,0.0,21.7,13.8,0.1,0.1,0.2,0.082,-2.9,-0.5,-3.3,0.0
275,marjabo01,Boban Marjanović,[<Position.CENTER: 'CENTER'>],31,Team.DALLAS_MAVERICKS,7,96,19.5,0.558,0.023,0.227,13.5,26.4,20.1,8.2,1.0,0.9,12.6,24.5,0.2,0.1,0.3,0.137,-2.0,-1.8,-3.8,0.0
276,markkla01,Lauri Markkanen,[<Position.POWER_FORWARD: 'POWER FORWARD'>],22,Team.CHICAGO_BULLS,16,480,12.7,0.511,0.476,0.444,3.3,23.3,12.9,7.9,1.5,1.8,12.7,22.2,-0.1,0.7,0.6,0.06,-2.6,0.3,-2.3,0.0
277,martica02,Caleb Martin,[<Position.SMALL_FORWARD: 'SMALL FORWARD'>],24,Team.CHARLOTTE_HORNETS,3,25,-1.1,0.242,0.333,0.333,0.0,18.5,8.8,16.7,1.9,7.0,22.5,22.8,-0.2,0.0,-0.1,-0.262,-13.6,2.4,-11.2,-0.1
278,martico01,Cody Martin,[<Position.SMALL_FORWARD: 'SMALL FORWARD'>],24,Team.CHARLOTTE_HORNETS,13,173,11.4,0.454,0.459,0.568,4.3,18.1,10.9,13.6,3.3,0.5,9.8,12.7,0.1,0.2,0.3,0.073,-2.3,1.2,-1.1,0.0
279,martike03,Kelan Martin,[<Position.SMALL_FORWARD: 'SMALL FORWARD'>],24,Team.MINNESOTA_TIMBERWOLVES,5,84,6.2,0.485,0.576,0.0,2.4,17.2,9.8,0.0,0.0,1.0,5.7,16.8,0.0,0.0,0.0,0.003,-5.4,-5.5,-11.0,-0.2
280,mathega01,Garrison Mathews,[<Position.SHOOTING_GUARD: 'SHOOTING GUARD'>],23,Team.WASHINGTON_WIZARDS,2,14,-7.1,0.0,1.0,0.0,0.0,7.9,3.9,15.0,0.0,0.0,33.3,8.7,-0.1,0.0,-0.1,-0.2,-8.8,-3.2,-12.0,0.0
281,matthwe02,Wesley Matthews,[<Position.SHOOTING_GUARD: 'SHOOTING GUARD'>],33,Team.MILWAUKEE_BUCKS,15,364,8.5,0.564,0.701,0.184,0.6,8.2,4.5,5.5,1.4,0.2,8.7,11.5,0.2,0.4,0.6,0.084,-0.2,-0.4,-0.6,0.1
282,mccawpa01,Patrick McCaw,[<Position.SMALL_FORWARD: 'SMALL FORWARD'>],24,Team.TORONTO_RAPTORS,2,40,10.1,0.68,0.6,0.4,5.5,9.4,7.6,9.8,3.5,0.0,33.8,9.5,0.0,0.1,0.1,0.106,-0.7,2.9,2.3,0.0
283,mccolcj01,CJ McCollum,[<Position.SHOOTING_GUARD: 'SHOOTING GUARD'>],28,Team.PORTLAND_TRAIL_BLAZERS,16,599,15.3,0.508,0.318,0.104,2.7,9.7,6.2,16.9,1.1,1.5,9.3,26.7,0.3,0.2,0.5,0.039,0.0,-1.7,-1.7,0.0
284,mccontj01,T.J. McConnell,[<Position.POINT_GUARD: 'POINT GUARD'>],27,Team.INDIANA_PACERS,12,210,16.7,0.526,0.014,0.096,3.0,13.8,8.4,38.5,1.4,1.3,18.3,18.9,0.3,0.3,0.6,0.129,-1.5,0.7,-0.8,0.1
285,mcdanja01,Jalen McDaniels,[<Position.POWER_FORWARD: 'POWER FORWARD'>],22,Team.CHARLOTTE_HORNETS,1,3,26.9,0.5,0.0,0.0,35.2,0.0,18.4,0.0,0.0,0.0,0.0,28.6,0.0,0.0,0.0,0.126,0.9,-12.1,-11.2,0.0
286,mcderdo01,Doug McDermott,[<Position.POWER_FORWARD: 'POWER FORWARD'>],28,Team.INDIANA_PACERS,14,306,9.3,0.532,0.491,0.088,2.1,12.9,7.5,8.2,0.3,0.6,11.2,18.6,0.0,0.3,0.4,0.061,-1.9,-1.0,-2.9,-0.1
287,mcgeeja01,JaVale McGee,[<Position.CENTER: 'CENTER'>],32,Team.LOS_ANGELES_LAKERS,15,251,21.3,0.605,0.0,0.185,14.6,25.0,19.9,7.5,1.7,7.1,12.9,17.1,0.5,0.6,1.1,0.218,-0.3,4.5,4.2,0.4
288,mcgruro01,Rodney McGruder,[<Position.SHOOTING_GUARD: 'SHOOTING GUARD'>],28,Team.LOS_ANGELES_CLIPPERS,12,198,2.8,0.43,0.628,0.186,3.8,7.1,5.5,3.9,0.2,1.4,11.4,10.9,-0.1,0.2,0.0,0.009,-3.1,-0.5,-3.6,-0.1
289,mckinal01,Alfonzo McKinnie,[<Position.SMALL_FORWARD: 'SMALL FORWARD'>],27,Team.CLEVELAND_CAVALIERS,9,95,8.9,0.543,0.579,0.368,4.4,17.5,10.7,4.4,2.0,1.8,15.3,11.8,0.0,0.1,0.1,0.05,-2.4,0.2,-2.2,0.0
290,mclaujo01,Jordan McLaughlin,[<Position.POINT_GUARD: 'POINT GUARD'>],23,Team.MINNESOTA_TIMBERWOLVES,4,57,2.9,0.346,0.533,0.133,1.8,10.9,6.3,18.2,0.8,0.0,20.1,14.1,-0.1,0.0,-0.1,-0.069,-6.4,-2.0,-8.4,-0.1
291,mclembe01,Ben McLemore,[<Position.SHOOTING_GUARD: 'SHOOTING GUARD'>],26,Team.HOUSTON_ROCKETS,16,322,9.2,0.52,0.852,0.194,2.2,6.0,4.1,6.1,1.6,0.5,7.9,16.0,0.2,0.2,0.4,0.058,-0.4,-2.1,-2.6,0.0
292,mcraejo01,Jordan McRae,[<Position.SHOOTING_GUARD: 'SHOOTING GUARD'>],28,Team.WASHINGTON_WIZARDS,7,97,15.7,0.586,0.258,0.29,1.1,17.0,8.9,20.7,0.9,3.4,12.5,16.8,0.2,0.0,0.2,0.109,-0.5,-0.7,-1.1,0.0
293,mellini01,Nicolò Melli,[<Position.CENTER: 'CENTER'>],29,Team.NEW_ORLEANS_PELICANS,13,221,14.8,0.632,0.656,0.313,5.1,14.7,9.8,12.7,1.9,0.8,14.2,15.5,0.5,0.1,0.6,0.124,2.0,-0.8,1.2,0.2
294,meltode01,De'Anthony Melton,[<Position.POINT_GUARD: 'POINT GUARD'>],21,Team.MEMPHIS_GRIZZLIES,6,51,13.2,0.461,0.381,0.19,2.1,14.8,8.4,19.5,5.4,1.7,18.0,22.5,-0.1,0.1,0.0,-0.01,-3.3,1.7,-1.6,0.0
295,metuch01,Chimezie Metu,[<Position.POWER_FORWARD: 'POWER FORWARD'>],22,Team.SAN_ANTONIO_SPURS,5,20,42.5,0.582,0.0,0.167,36.1,16.5,26.6,18.6,0.0,8.1,0.0,26.9,0.1,0.0,0.2,0.362,10.8,0.8,11.7,0.1
296,middlkh01,Khris Middleton,[<Position.SMALL_FORWARD: 'SMALL FORWARD'>],28,Team.MILWAUKEE_BUCKS,10,308,16.6,0.599,0.439,0.252,2.3,15.1,9.0,13.7,1.2,0.3,13.0,23.4,0.5,0.4,0.9,0.14,1.5,-1.1,0.3,0.2
297,milescj01,C.J. Miles,[<Position.SHOOTING_GUARD: 'SHOOTING GUARD'>],32,Team.WASHINGTON_WIZARDS,8,135,12.7,0.503,0.6,0.26,2.4,5.7,4.0,9.0,2.7,2.5,5.1,17.7,0.1,0.0,0.2,0.058,0.3,-1.4,-1.1,0.0
298,millema01,Malcolm Miller,[<Position.SMALL_FORWARD: 'SMALL FORWARD'>],26,Team.TORONTO_RAPTORS,5,25,4.7,0.625,0.75,0.0,0.0,18.8,10.1,5.2,0.0,0.0,20.0,8.6,0.0,0.0,0.0,0.065,-3.4,-0.2,-3.5,0.0
299,millspa02,Patty Mills,[<Position.POINT_GUARD: 'POINT GUARD'>],31,Team.SAN_ANTONIO_SPURS,16,352,16.2,0.615,0.547,0.201,1.2,5.9,3.5,13.8,2.0,0.5,11.7,20.4,0.6,0.1,0.7,0.096,2.8,-3.4,-0.6,0.1
300,millspa01,Paul Millsap,[<Position.POWER_FORWARD: 'POWER FORWARD'>],34,Team.DENVER_NUGGETS,14,376,20.3,0.625,0.265,0.402,8.2,16.8,12.4,8.2,1.8,2.7,9.3,19.5,1.1,0.7,1.8,0.225,2.2,1.7,3.9,0.6
301,miltosh01,Shake Milton,[<Position.SHOOTING_GUARD: 'SHOOTING GUARD'>],23,Team.PHILADELPHIA_76ERS,7,62,2.7,0.496,0.577,0.192,1.8,10.6,6.3,9.2,0.8,0.0,24.2,25.2,-0.2,0.1,-0.1,-0.093,-6.2,-3.7,-10.0,-0.1
302,mitchdo01,Donovan Mitchell,[<Position.SHOOTING_GUARD: 'SHOOTING GUARD'>],23,Team.UTAH_JAZZ,15,524,21.7,0.549,0.267,0.277,4.1,12.8,8.6,21.8,1.8,0.7,8.5,31.3,1.0,1.0,1.9,0.176,2.9,0.9,3.8,0.8
303,mitrona01,Naz Mitrou-Long,[<Position.SHOOTING_GUARD: 'SHOOTING GUARD'>],26,Team.INDIANA_PACERS,3,43,10.6,0.438,0.688,0.0,0.0,14.9,7.4,22.3,1.1,2.1,11.1,17.9,0.0,0.1,0.0,0.049,-2.5,0.2,-2.3,0.0
304,monkma01,Malik Monk,[<Position.SHOOTING_GUARD: 'SHOOTING GUARD'>],21,Team.CHARLOTTE_HORNETS,16,343,13.6,0.573,0.439,0.165,1.5,13.9,7.4,18.4,0.8,1.0,15.3,22.0,0.2,0.1,0.3,0.044,-0.7,-2.4,-3.1,-0.1
305,mooreet01,E'Twaun Moore,[<Position.SHOOTING_GUARD: 'SHOOTING GUARD'>],30,Team.NEW_ORLEANS_PELICANS,10,224,13.1,0.509,0.359,0.155,5.5,10.1,7.8,10.4,1.0,0.0,5.2,21.0,0.3,0.0,0.3,0.057,-0.3,-3.3,-3.6,-0.1
306,moranja01,Ja Morant,[<Position.POINT_GUARD: 'POINT GUARD'>],20,Team.MEMPHIS_GRIZZLIES,13,361,17.0,0.534,0.146,0.318,3.5,8.7,6.1,35.6,1.4,0.7,17.8,31.5,0.1,0.1,0.1,0.015,0.0,-2.9,-2.9,-0.1
307,morrima03,Marcus Morris,[<Position.SMALL_FORWARD: 'SMALL FORWARD'>],30,Team.NEW_YORK_KNICKS,15,512,16.0,0.558,0.384,0.352,3.3,17.1,9.8,7.5,1.5,2.1,10.6,23.4,0.7,0.4,1.0,0.098,0.1,-1.2,-1.1,0.1
308,morrima02,Markieff Morris,[<Position.POWER_FORWARD: 'POWER FORWARD'>],30,Team.DETROIT_PISTONS,15,351,12.1,0.59,0.454,0.231,2.3,16.4,9.4,11.2,1.5,0.2,17.3,21.3,0.1,0.2,0.3,0.04,-0.7,-2.2,-2.9,-0.1
309,morrimo01,Monte Morris,[<Position.POINT_GUARD: 'POINT GUARD'>],24,Team.DENVER_NUGGETS,14,241,13.5,0.462,0.16,0.16,1.7,8.9,5.2,29.2,1.2,0.8,8.2,19.5,0.2,0.3,0.5,0.093,-2.1,-1.3,-3.4,-0.1
310,motlejo01,Johnathan Motley,[<Position.POWER_FORWARD: 'POWER FORWARD'>],24,Team.LOS_ANGELES_CLIPPERS,2,4,11.8,0.5,0.333,0.0,26.7,25.1,25.9,84.1,0.0,0.0,40.0,51.5,0.0,0.0,0.0,-0.136,3.1,5.0,8.1,0.0
311,mudiaem01,Emmanuel Mudiay,[<Position.POINT_GUARD: 'POINT GUARD'>],23,Team.UTAH_JAZZ,12,201,14.5,0.572,0.217,0.217,2.2,13.4,8.0,24.7,1.4,1.7,21.6,25.1,0.0,0.4,0.3,0.08,-2.2,1.4,-0.9,0.1
312,murrade01,Dejounte Murray,[<Position.POINT_GUARD: 'POINT GUARD'>],23,Team.SAN_ANTONIO_SPURS,14,316,19.5,0.543,0.131,0.32,5.9,25.0,15.1,28.0,3.3,1.3,19.6,22.9,0.3,0.3,0.6,0.09,0.2,2.0,2.2,0.3
313,murraja01,Jamal Murray,[<Position.POINT_GUARD: 'POINT GUARD'>],22,Team.DENVER_NUGGETS,14,468,17.5,0.534,0.327,0.195,2.6,11.9,7.2,25.0,2.3,1.0,12.8,25.8,0.4,0.8,1.2,0.122,1.4,0.8,2.2,0.5
314,musadz01,Džanan Musa,[<Position.SMALL_FORWARD: 'SMALL FORWARD'>],20,Team.BROOKLYN_NETS,10,151,8.4,0.468,0.5,0.4,4.2,16.9,10.6,9.1,1.5,0.0,16.9,19.2,-0.1,0.1,0.0,-0.006,-4.4,-1.4,-5.8,-0.1
315,muscami01,Mike Muscala,[<Position.CENTER: 'CENTER'>],28,Team.OKLAHOMA_CITY_THUNDER,12,146,6.9,0.399,0.76,0.12,3.8,18.0,11.2,13.7,1.0,1.7,8.7,17.3,-0.1,0.2,0.0,0.004,-2.8,-0.2,-3.0,0.0
316,mykhasv01,Sviatoslav Mykhailiuk,[<Position.SMALL_FORWARD: 'SMALL FORWARD'>],22,Team.DETROIT_PISTONS,10,152,6.1,0.612,0.71,0.065,0.8,6.8,3.8,11.8,0.6,0.5,25.7,12.2,0.0,0.0,0.0,0.0,-2.0,-3.1,-5.1,-0.1
317,naderab01,Abdel Nader,[<Position.SMALL_FORWARD: 'SMALL FORWARD'>],26,Team.OKLAHOMA_CITY_THUNDER,8,103,5.1,0.501,0.533,0.3,3.3,12.3,7.9,4.2,0.9,2.4,24.5,19.1,-0.2,0.1,-0.1,-0.058,-6.1,-0.7,-6.8,-0.1
318,nancela02,Larry Nance,[<Position.CENTER: 'CENTER'>],27,Team.CLEVELAND_CAVALIERS,13,323,18.3,0.633,0.396,0.253,7.4,21.6,14.3,6.8,2.4,1.3,9.8,14.9,0.7,0.3,1.0,0.151,1.9,0.7,2.6,0.4
319,napiesh01,Shabazz Napier,[<Position.POINT_GUARD: 'POINT GUARD'>],28,Team.MINNESOTA_TIMBERWOLVES,6,133,12.7,0.47,0.721,0.372,0.8,10.9,5.8,27.3,3.1,1.8,19.3,18.8,0.0,0.2,0.1,0.044,-1.8,-0.1,-1.8,0.0
320,netora01,Raul Neto,[<Position.POINT_GUARD: 'POINT GUARD'>],27,Team.PHILADELPHIA_76ERS,12,156,12.0,0.602,0.273,0.045,0.7,9.2,5.0,19.6,1.8,1.1,22.5,15.6,0.1,0.2,0.3,0.079,-2.5,-1.0,-3.5,-0.1
321,niangge01,Georges Niang,[<Position.POWER_FORWARD: 'POWER FORWARD'>],26,Team.UTAH_JAZZ,10,87,6.0,0.595,0.65,0.4,0.0,11.9,6.2,6.9,0.0,0.0,14.5,13.8,0.0,0.1,0.2,0.086,-2.5,-0.8,-3.3,0.0
322,noelne01,Nerlens Noel,[<Position.CENTER: 'CENTER'>],25,Team.OKLAHOMA_CITY_THUNDER,14,256,21.5,0.685,0.0,0.422,7.4,20.2,14.0,14.8,3.0,7.0,19.2,16.1,0.6,0.6,1.1,0.215,0.5,6.3,6.8,0.6
323,norveza01,Zach Norvell,[<Position.SHOOTING_GUARD: 'SHOOTING GUARD'>],22,Team.LOS_ANGELES_LAKERS,2,5,-5.7,0.0,0.0,0.0,0.0,21.6,11.0,0.0,0.0,0.0,0.0,8.5,0.0,0.0,0.0,-0.143,-14.1,-2.5,-16.6,0.0
324,nowelja01,Jaylen Nowell,[<Position.SHOOTING_GUARD: 'SHOOTING GUARD'>],20,Team.MINNESOTA_TIMBERWOLVES,1,1,0.0,0.0,0.0,0.0,0.0,0.0,0.0,0.0,0.0,0.0,0.0,0.0,0.0,0.0,0.0,-0.009,-6.4,0.1,-6.3,0.0
325,ntilila01,Frank Ntilikina,[<Position.POINT_GUARD: 'POINT GUARD'>],21,Team.NEW_YORK_KNICKS,14,363,10.0,0.493,0.4,0.175,1.9,8.0,4.8,17.2,2.7,2.7,16.5,12.0,0.1,0.3,0.4,0.051,-2.1,1.1,-1.0,0.1
326,nunnke01,Kendrick Nunn,[<Position.SHOOTING_GUARD: 'SHOOTING GUARD'>],24,Team.MIAMI_HEAT,14,420,15.5,0.584,0.413,0.109,0.6,8.4,4.7,18.4,2.2,0.7,13.9,24.9,0.3,0.7,1.0,0.115,0.3,-0.9,-0.6,0.1
327,nwabada01,David Nwaba,[<Position.SMALL_FORWARD: 'SMALL FORWARD'>],27,Team.BROOKLYN_NETS,10,99,8.5,0.66,0.3,1.0,3.2,18.5,11.0,3.9,0.9,4.8,25.8,8.0,0.0,0.1,0.2,0.074,-4.3,2.3,-2.0,0.0
328,onealro01,Royce O'Neale,[<Position.POWER_FORWARD: 'POWER FORWARD'>],26,Team.UTAH_JAZZ,15,429,9.4,0.67,0.548,0.161,0.3,16.9,8.9,12.0,1.3,0.8,17.4,8.2,0.5,0.8,1.2,0.139,-0.8,3.3,2.6,0.5
329,oquinky01,Kyle O'Quinn,[<Position.CENTER: 'CENTER'>],29,Team.PHILADELPHIA_76ERS,12,110,17.1,0.592,0.375,0.188,13.3,27.0,20.2,19.2,0.9,5.4,24.1,17.4,0.1,0.2,0.3,0.136,-0.3,3.2,2.9,0.1
330,ojelese01,Semi Ojeleye,[<Position.POWER_FORWARD: 'POWER FORWARD'>],25,Team.BOSTON_CELTICS,15,164,5.7,0.514,0.519,0.185,1.9,11.0,6.5,3.2,1.5,0.0,9.3,8.3,0.0,0.2,0.2,0.066,-3.5,0.7,-2.8,0.0
331,okafoja01,Jahlil Okafor,[<Position.CENTER: 'CENTER'>],24,Team.NEW_ORLEANS_PELICANS,9,159,20.8,0.671,0.0,0.519,10.3,19.1,14.6,10.4,1.1,5.4,18.4,20.7,0.4,0.1,0.5,0.151,-0.1,1.4,1.3,0.1
332,okoboel01,Elie Okobo,[<Position.POINT_GUARD: 'POINT GUARD'>],22,Team.PHOENIX_SUNS,9,66,15.7,0.487,0.476,0.619,0.0,6.8,3.4,46.1,1.4,0.0,10.1,19.1,0.1,0.1,0.2,0.146,0.2,-5.1,-4.9,0.0
333,okogijo01,Josh Okogie,[<Position.SHOOTING_GUARD: 'SHOOTING GUARD'>],21,Team.MINNESOTA_TIMBERWOLVES,14,348,12.7,0.531,0.359,0.543,6.5,15.7,11.1,10.6,2.4,1.4,16.2,15.8,0.2,0.4,0.6,0.082,-1.6,1.4,-0.2,0.2
334,okpalkz01,KZ Okpala,[<Position.SMALL_FORWARD: 'SMALL FORWARD'>],20,Team.MIAMI_HEAT,2,3,-13.2,0.0,0.0,0.0,0.0,35.5,19.0,0.0,0.0,0.0,100.0,14.2,0.0,0.0,0.0,-0.367,-22.5,-0.4,-23.0,0.0
335,olynyke01,Kelly Olynyk,[<Position.CENTER: 'CENTER'>],28,Team.MIAMI_HEAT,14,314,11.9,0.56,0.641,0.196,4.3,19.0,12.2,10.3,2.4,2.2,15.3,16.0,0.2,0.7,0.8,0.128,-0.7,2.5,1.8,0.3
336,onimi01,Miye Oni,[<Position.SHOOTING_GUARD: 'SHOOTING GUARD'>],22,Team.UTAH_JAZZ,1,2,0.0,0.0,0.0,0.0,0.0,0.0,0.0,0.0,0.0,0.0,0.0,0.0,0.0,0.0,0.0,0.041,-5.9,2.3,-3.6,0.0
337,osmande01,Cedi Osman,[<Position.SMALL_FORWARD: 'SMALL FORWARD'>],24,Team.CLEVELAND_CAVALIERS,15,439,8.7,0.52,0.521,0.134,1.7,11.3,6.4,10.2,1.7,0.6,13.1,14.2,0.0,0.1,0.2,0.018,-1.1,-0.3,-1.4,0.1
338,oubreke01,Kelly Oubre,[<Position.SMALL_FORWARD: 'SMALL FORWARD'>],24,Team.PHOENIX_SUNS,14,433,17.0,0.578,0.319,0.385,5.1,15.7,10.3,8.9,1.8,1.8,9.8,23.1,0.7,0.6,1.2,0.136,0.5,0.3,0.8,0.3
339,parkeja01,Jabari Parker,[<Position.POWER_FORWARD: 'POWER FORWARD'>],24,Team.ATLANTA_HAWKS,15,409,19.5,0.584,0.298,0.202,7.6,16.9,12.2,10.8,2.3,1.8,11.5,24.7,0.6,0.2,0.8,0.099,1.9,-1.3,0.6,0.3
340,parsoch01,Chandler Parsons,[<Position.SMALL_FORWARD: 'SMALL FORWARD'>],31,Team.ATLANTA_HAWKS,2,19,17.0,0.571,0.714,0.0,5.8,11.7,8.8,0.0,7.4,0.0,12.5,17.4,0.0,0.0,0.0,0.085,-0.1,-1.3,-1.3,0.0
341,pascher01,Eric Paschall,[<Position.POWER_FORWARD: 'POWER FORWARD'>],23,Team.GOLDEN_STATE_WARRIORS,16,499,15.6,0.573,0.213,0.356,4.2,13.3,8.7,8.2,0.7,1.0,8.6,21.5,0.8,-0.1,0.7,0.065,-0.1,-3.3,-3.5,-0.2
342,pattepa01,Patrick Patterson,[<Position.POWER_FORWARD: 'POWER FORWARD'>],30,Team.LOS_ANGELES_CLIPPERS,14,230,8.7,0.502,0.758,0.065,5.1,14.4,9.9,7.5,0.4,0.8,8.6,12.5,0.1,0.2,0.4,0.08,-0.5,-0.5,-1.1,0.1
343,pattoju01,Justin Patton,[<Position.CENTER: 'CENTER'>],22,Team.OKLAHOMA_CITY_THUNDER,1,6,-26.4,0.0,0.5,0.0,0.0,35.1,18.1,0.0,0.0,0.0,33.3,21.9,-0.1,0.0,-0.1,-0.532,-25.0,-5.5,-30.5,0.0
344,paulch01,Chris Paul,[<Position.POINT_GUARD: 'POINT GUARD'>],34,Team.OKLAHOMA_CITY_THUNDER,15,458,20.5,0.609,0.385,0.497,1.0,13.1,7.2,29.5,3.0,0.0,14.0,21.9,1.2,0.6,1.8,0.192,3.5,0.3,3.8,0.7
345,paytoel01,Elfrid Payton,[<Position.POINT_GUARD: 'POINT GUARD'>],25,Team.NEW_YORK_KNICKS,4,102,13.8,0.506,0.276,0.207,2.9,9.8,6.2,22.0,4.8,0.0,18.1,16.0,0.0,0.1,0.2,0.076,-1.4,0.8,-0.5,0.0
346,pinsoth01,Theo Pinson,[<Position.SHOOTING_GUARD: 'SHOOTING GUARD'>],24,Team.BROOKLYN_NETS,6,85,6.6,0.408,0.462,0.154,0.0,9.6,4.9,18.5,2.7,0.0,14.4,23.4,-0.2,0.1,-0.1,-0.063,-5.3,-2.0,-7.3,-0.1
347,plumlma01,Mason Plumlee,[<Position.CENTER: 'CENTER'>],29,Team.DENVER_NUGGETS,14,228,17.5,0.559,0.033,0.525,10.4,23.5,16.8,20.0,1.7,4.5,18.5,17.3,0.3,0.5,0.8,0.17,-1.1,4.7,3.6,0.3
348,poirivi01,Vincent Poirier,[<Position.CENTER: 'CENTER'>],26,Team.BOSTON_CELTICS,5,29,9.6,0.394,0.0,0.25,17.5,10.4,13.9,14.3,1.6,6.2,25.3,17.4,0.0,0.1,0.0,0.031,-5.0,4.6,-0.5,0.0
349,poeltja01,Jakob Pöltl,[<Position.CENTER: 'CENTER'>],24,Team.SAN_ANTONIO_SPURS,16,265,17.0,0.551,0.0,0.368,14.0,19.9,16.9,12.6,1.6,3.7,16.8,15.0,0.4,0.2,0.6,0.108,-0.1,1.7,1.6,0.2
350,poolejo01,Jordan Poole,[<Position.SHOOTING_GUARD: 'SHOOTING GUARD'>],20,Team.GOLDEN_STATE_WARRIORS,17,449,3.6,0.384,0.514,0.182,0.7,9.5,5.0,12.4,1.2,0.8,10.9,20.5,-1.0,-0.1,-1.1,-0.118,-5.3,-3.5,-8.8,-0.8
351,porteke02,Kevin Porter,[<Position.SMALL_FORWARD: 'SMALL FORWARD'>],19,Team.CLEVELAND_CAVALIERS,14,285,8.8,0.485,0.355,0.247,1.8,12.8,7.2,11.8,1.9,1.2,14.2,18.1,-0.2,0.1,0.0,-0.003,-2.9,-0.5,-3.4,-0.1
352,portemi01,Michael Porter,[<Position.POWER_FORWARD: 'POWER FORWARD'>],21,Team.DENVER_NUGGETS,9,82,10.7,0.493,0.281,0.25,10.1,19.6,14.7,5.6,0.0,3.4,14.5,21.7,0.0,0.1,0.1,0.046,-4.6,-0.8,-5.4,-0.1
353,porteot01,Otto Porter,[<Position.SMALL_FORWARD: 'SMALL FORWARD'>],26,Team.CHICAGO_BULLS,9,226,13.6,0.544,0.476,0.238,3.5,10.8,7.0,9.5,1.9,1.3,7.0,18.1,0.3,0.2,0.5,0.106,0.2,-0.2,0.0,0.1
354,portibo01,Bobby Portis,[<Position.CENTER: 'CENTER'>],24,Team.NEW_YORK_KNICKS,15,348,13.8,0.469,0.277,0.113,8.5,22.7,15.2,8.4,1.5,1.4,8.1,19.6,0.1,0.3,0.4,0.056,-2.3,-0.8,-3.1,-0.1
355,porzikr01,Kristaps Porziņģis,[<Position.POWER_FORWARD: 'POWER FORWARD'>],24,Team.DALLAS_MAVERICKS,14,435,17.0,0.509,0.385,0.235,5.5,23.7,14.9,7.3,0.4,6.1,8.8,26.6,0.2,0.6,0.8,0.09,-2.5,0.3,-2.2,0.0
356,poweldw01,Dwight Powell,[<Position.CENTER: 'CENTER'>],28,Team.DALLAS_MAVERICKS,12,304,12.6,0.658,0.098,0.361,7.8,10.0,8.9,7.1,1.0,1.1,15.5,11.7,0.6,0.2,0.8,0.122,0.6,0.2,0.7,0.2
357,powelno01,Norman Powell,[<Position.SHOOTING_GUARD: 'SHOOTING GUARD'>],26,Team.TORONTO_RAPTORS,14,379,12.1,0.569,0.484,0.246,1.7,12.4,7.5,8.8,1.2,1.2,12.0,17.9,0.2,0.5,0.8,0.1,-0.6,0.7,0.1,0.2
358,randlju01,Julius Randle,[<Position.POWER_FORWARD: 'POWER FORWARD'>],25,Team.NEW_YORK_KNICKS,15,500,14.6,0.507,0.255,0.349,7.9,21.8,14.5,19.4,1.4,0.6,17.8,25.2,-0.1,0.4,0.2,0.024,-1.0,-0.2,-1.2,0.1
359,reddica01,Cam Reddish,[<Position.SMALL_FORWARD: 'SMALL FORWARD'>],20,Team.ATLANTA_HAWKS,14,344,4.6,0.398,0.421,0.231,2.9,14.2,8.6,9.8,2.0,1.3,17.9,19.5,-0.9,0.1,-0.8,-0.105,-6.0,-1.1,-7.1,-0.4
360,redicjj01,J.J. Redick,[<Position.SHOOTING_GUARD: 'SHOOTING GUARD'>],35,Team.NEW_ORLEANS_PELICANS,14,389,14.3,0.649,0.692,0.247,0.8,8.9,4.7,8.6,0.6,1.1,12.4,19.2,0.7,0.0,0.7,0.089,2.2,-3.1,-0.9,0.1
361,richajo01,Josh Richardson,[<Position.SHOOTING_GUARD: 'SHOOTING GUARD'>],26,Team.PHILADELPHIA_76ERS,13,433,11.9,0.529,0.39,0.244,2.3,9.9,6.2,16.3,1.9,1.6,16.2,21.0,0.1,0.6,0.6,0.069,-1.3,-0.1,-1.4,0.1
362,riverau01,Austin Rivers,[<Position.SHOOTING_GUARD: 'SHOOTING GUARD'>],27,Team.HOUSTON_ROCKETS,16,381,8.9,0.515,0.574,0.165,2.7,8.3,5.5,7.0,1.0,0.4,7.5,14.2,0.2,0.2,0.4,0.054,-1.6,-1.6,-3.2,-0.1
363,robindu01,Duncan Robinson,[<Position.SMALL_FORWARD: 'SMALL FORWARD'>],25,Team.MIAMI_HEAT,14,349,12.7,0.65,0.8,0.052,0.7,9.8,5.6,4.3,1.1,1.7,7.1,15.5,0.5,0.5,1.0,0.139,1.7,-0.6,1.0,0.3
364,robingl02,Glenn Robinson,[<Position.SMALL_FORWARD: 'SMALL FORWARD'>],26,Team.GOLDEN_STATE_WARRIORS,17,534,13.1,0.564,0.317,0.118,6.1,11.4,8.7,9.2,1.4,0.3,8.6,14.5,0.7,-0.1,0.6,0.058,0.4,-1.8,-1.4,0.1
365,robinje01,Jerome Robinson,[<Position.SHOOTING_GUARD: 'SHOOTING GUARD'>],22,Team.LOS_ANGELES_CLIPPERS,11,113,8.3,0.543,0.457,0.0,0.0,8.9,4.6,11.2,1.7,4.0,20.5,16.0,-0.1,0.2,0.1,0.038,-3.4,1.4,-1.9,0.0
366,robinju01,Justin Robinson,[<Position.POINT_GUARD: 'POINT GUARD'>],22,Team.WASHINGTON_WIZARDS,3,12,9.1,0.5,0.2,0.0,8.8,18.4,13.5,21.2,0.0,0.0,28.6,23.8,0.0,0.0,0.0,-0.095,-5.2,-3.2,-8.3,0.0
367,robinmi01,Mitchell Robinson,[<Position.CENTER: 'CENTER'>],21,Team.NEW_YORK_KNICKS,11,202,30.1,0.736,0.0,0.406,16.7,20.9,18.7,4.5,1.5,10.8,9.6,17.5,0.9,0.3,1.2,0.294,3.4,3.8,7.1,0.5
368,rondora01,Rajon Rondo,[<Position.POINT_GUARD: 'POINT GUARD'>],33,Team.LOS_ANGELES_LAKERS,5,102,13.5,0.497,0.441,0.147,1.1,13.8,7.5,36.1,1.9,0.0,19.9,18.9,0.1,0.2,0.2,0.109,-1.3,-1.1,-2.3,0.0
369,rosede01,Derrick Rose,[<Position.POINT_GUARD: 'POINT GUARD'>],31,Team.DETROIT_PISTONS,10,238,23.4,0.617,0.111,0.302,2.0,6.8,4.4,40.0,2.0,1.7,18.8,31.9,0.5,0.1,0.6,0.128,2.5,-3.1,-0.7,0.1
370,rosste01,Terrence Ross,[<Position.SHOOTING_GUARD: 'SHOOTING GUARD'>],28,Team.ORLANDO_MAGIC,12,279,10.7,0.49,0.621,0.194,1.8,12.0,6.7,7.6,2.1,0.9,10.6,23.3,-0.2,0.4,0.2,0.031,-1.8,-1.1,-2.9,-0.1
371,roziete01,Terry Rozier,[<Position.POINT_GUARD: 'POINT GUARD'>],25,Team.CHARLOTTE_HORNETS,16,511,13.6,0.53,0.429,0.208,2.3,11.8,6.8,22.4,1.8,0.5,16.3,25.3,0.0,0.2,0.2,0.023,-0.5,-1.8,-2.3,0.0
372,rubiori01,Ricky Rubio,[<Position.POINT_GUARD: 'POINT GUARD'>],29,Team.PHOENIX_SUNS,11,339,15.6,0.497,0.287,0.295,2.0,19.3,10.6,37.2,2.1,0.0,14.3,20.1,0.4,0.4,0.9,0.126,0.2,1.1,1.2,0.3
373,russeda01,D'Angelo Russell,[<Position.SHOOTING_GUARD: 'SHOOTING GUARD'>],23,Team.GOLDEN_STATE_WARRIORS,10,315,21.9,0.571,0.422,0.316,0.7,11.8,6.1,39.2,1.2,1.4,13.8,32.9,0.5,0.0,0.5,0.076,5.3,-3.8,1.5,0.3
374,sabondo01,Domantas Sabonis,[<Position.CENTER: 'CENTER'>],23,Team.INDIANA_PACERS,12,409,20.7,0.549,0.088,0.264,12.2,30.9,21.5,16.2,0.8,2.0,13.2,24.4,0.7,0.8,1.5,0.175,0.3,2.8,3.0,0.5
375,sampsja02,JaKarr Sampson,[<Position.SMALL_FORWARD: 'SMALL FORWARD'>],26,Team.INDIANA_PACERS,9,166,10.0,0.567,0.244,0.171,4.5,11.0,7.7,3.3,1.5,3.2,12.0,12.9,0.1,0.3,0.3,0.097,-2.6,2.2,-0.5,0.1
376,saricda01,Dario Šarić,[<Position.POWER_FORWARD: 'POWER FORWARD'>],25,Team.PHOENIX_SUNS,14,374,11.9,0.533,0.496,0.154,5.9,19.3,12.6,10.6,1.9,0.9,14.3,17.4,0.1,0.5,0.6,0.076,-0.7,1.3,0.5,0.2
377,satorto01,Tomáš Satoranský,[<Position.POINT_GUARD: 'POINT GUARD'>],28,Team.CHICAGO_BULLS,16,405,13.3,0.568,0.378,0.162,2.7,10.0,6.2,27.9,2.6,0.5,22.2,15.5,0.3,0.5,0.8,0.093,-0.6,0.3,-0.4,0.2
378,schofad01,Admiral Schofield,[<Position.SMALL_FORWARD: 'SMALL FORWARD'>],22,Team.WASHINGTON_WIZARDS,5,51,17.8,0.935,0.7,0.4,4.2,13.0,8.5,2.4,0.0,0.0,0.0,9.4,0.2,0.0,0.2,0.19,5.1,-4.5,0.5,0.0
379,schrode01,Dennis Schröder,[<Position.POINT_GUARD: 'POINT GUARD'>],26,Team.OKLAHOMA_CITY_THUNDER,15,431,12.7,0.512,0.332,0.219,1.8,14.4,8.3,23.3,1.5,0.8,17.0,26.3,-0.3,0.4,0.1,0.014,-2.0,-0.4,-2.4,0.0
380,scottmi01,Mike Scott,[<Position.POWER_FORWARD: 'POWER FORWARD'>],31,Team.PHILADELPHIA_76ERS,15,277,10.7,0.591,0.57,0.063,4.5,17.5,11.1,4.9,0.5,0.3,7.9,13.4,0.4,0.3,0.6,0.109,-0.6,-1.8,-2.4,0.0
381,sefolth01,Thabo Sefolosha,[<Position.POWER_FORWARD: 'POWER FORWARD'>],35,Team.HOUSTON_ROCKETS,13,151,8.8,0.392,0.622,0.0,6.7,16.8,11.8,12.2,1.8,2.2,9.8,11.0,0.0,0.2,0.2,0.062,-2.8,1.5,-1.3,0.0
382,sextoco01,Collin Sexton,[<Position.SHOOTING_GUARD: 'SHOOTING GUARD'>],21,Team.CLEVELAND_CAVALIERS,15,452,14.6,0.52,0.267,0.233,2.8,8.3,5.5,13.0,1.1,0.2,8.9,26.6,0.3,0.0,0.3,0.031,-0.2,-3.4,-3.5,-0.2
383,shamela01,Landry Shamet,[<Position.SHOOTING_GUARD: 'SHOOTING GUARD'>],22,Team.LOS_ANGELES_CLIPPERS,10,294,6.3,0.559,0.753,0.13,0.0,5.1,2.6,7.8,0.6,0.3,12.8,13.1,0.1,0.2,0.4,0.058,-0.5,-1.4,-1.9,0.0
384,shumpim01,Iman Shumpert,[<Position.SHOOTING_GUARD: 'SHOOTING GUARD'>],29,Team.BROOKLYN_NETS,4,74,3.3,0.411,0.652,0.13,4.3,13.8,9.1,1.8,1.9,0.0,17.1,16.2,-0.2,0.1,-0.1,-0.067,-5.9,-2.0,-7.9,-0.1
385,siakapa01,Pascal Siakam,[<Position.POWER_FORWARD: 'POWER FORWARD'>],25,Team.TORONTO_RAPTORS,14,514,19.5,0.558,0.304,0.234,4.9,18.3,12.1,19.3,1.0,1.5,11.7,29.8,0.7,0.9,1.6,0.145,1.4,1.0,2.4,0.6
386,silvach01,Chris Silva,[<Position.POWER_FORWARD: 'POWER FORWARD'>],23,Team.MIAMI_HEAT,14,127,16.2,0.671,0.036,0.571,27.0,22.7,24.7,9.2,1.1,8.5,36.3,18.5,0.1,0.3,0.4,0.16,-1.2,5.1,3.9,0.2
387,simmobe01,Ben Simmons,[<Position.POINT_GUARD: 'POINT GUARD'>],23,Team.PHILADELPHIA_76ERS,13,438,18.3,0.577,0.007,0.341,4.6,16.3,10.6,34.3,3.0,1.7,22.9,19.3,0.5,0.8,1.3,0.146,0.1,2.6,2.7,0.5
388,simonan01,Anfernee Simons,[<Position.SHOOTING_GUARD: 'SHOOTING GUARD'>],20,Team.PORTLAND_TRAIL_BLAZERS,16,352,12.7,0.542,0.487,0.2,1.1,7.1,4.2,9.7,1.2,0.5,8.4,20.9,0.3,0.0,0.4,0.052,0.0,-2.9,-2.9,-0.1
389,smartma01,Marcus Smart,[<Position.SHOOTING_GUARD: 'SHOOTING GUARD'>],25,Team.BOSTON_CELTICS,15,482,14.4,0.518,0.637,0.131,2.5,8.5,5.6,22.4,2.0,1.3,8.3,17.1,0.7,0.7,1.3,0.134,1.7,0.7,2.4,0.5
390,smithde03,Dennis Smith,[<Position.POINT_GUARD: 'POINT GUARD'>],22,Team.NEW_YORK_KNICKS,8,115,4.6,0.414,0.273,0.159,3.4,4.8,4.1,21.5,1.3,0.9,18.9,21.3,-0.2,0.0,-0.2,-0.082,-5.4,-3.3,-8.7,-0.2
391,smithis01,Ish Smith,[<Position.POINT_GUARD: 'POINT GUARD'>],31,Team.WASHINGTON_WIZARDS,13,318,11.8,0.484,0.263,0.101,3.3,10.7,7.0,21.2,1.2,1.8,11.9,15.1,0.3,0.0,0.3,0.038,-1.1,-1.1,-2.2,0.0
392,snellto01,Tony Snell,[<Position.SMALL_FORWARD: 'SMALL FORWARD'>],28,Team.DETROIT_PISTONS,13,352,11.2,0.633,0.71,0.043,1.7,4.6,3.1,9.5,1.0,0.5,6.0,12.4,0.6,0.0,0.7,0.091,2.3,-2.9,-0.6,0.1
393,spellom01,Omari Spellman,[<Position.POWER_FORWARD: 'POWER FORWARD'>],22,Team.GOLDEN_STATE_WARRIORS,16,281,16.2,0.53,0.313,0.303,14.9,18.6,16.7,9.7,1.7,2.5,16.4,20.0,0.2,0.1,0.3,0.055,-0.4,-1.0,-1.4,0.0
394,strusma01,Max Strus,[<Position.GUARD: 'GUARD'>],23,Team.CHICAGO_BULLS,1,5,37.0,0.727,0.333,0.333,19.8,0.0,10.3,0.0,0.0,0.0,0.0,28.3,0.0,0.0,0.0,0.386,10.1,-10.2,-0.1,0.0
395,sumneed01,Edmond Sumner,[<Position.POINT_GUARD: 'POINT GUARD'>],24,Team.INDIANA_PACERS,3,67,12.4,0.52,0.167,0.278,1.6,3.2,2.4,12.2,3.6,1.3,4.7,13.5,0.1,0.1,0.2,0.138,-1.5,1.7,0.1,0.0
396,swanica01,Caleb Swanigan,[<Position.POWER_FORWARD: 'POWER FORWARD'>],22,Team.SACRAMENTO_KINGS,4,11,6.4,0.521,0.0,1.0,10.1,32.3,20.9,0.0,4.5,17.0,51.0,23.1,-0.1,0.0,0.0,-0.157,-16.0,7.4,-8.6,0.0
397,tatumja01,Jayson Tatum,[<Position.POWER_FORWARD: 'POWER FORWARD'>],21,Team.BOSTON_CELTICS,15,513,16.8,0.511,0.351,0.21,4.2,16.4,10.3,11.9,2.0,1.8,8.5,27.3,0.2,0.9,1.1,0.099,-0.6,0.8,0.2,0.3
398,teaguje01,Jeff Teague,[<Position.POINT_GUARD: 'POINT GUARD'>],31,Team.MINNESOTA_TIMBERWOLVES,11,312,17.7,0.559,0.264,0.518,1.6,6.9,4.3,39.1,1.5,0.8,16.7,21.0,0.7,0.2,0.9,0.133,0.5,-3.1,-2.5,0.0
399,templga01,Garrett Temple,[<Position.SHOOTING_GUARD: 'SHOOTING GUARD'>],33,Team.BROOKLYN_NETS,15,363,11.2,0.528,0.7,0.191,2.3,10.1,6.3,9.5,1.9,2.0,9.1,14.8,0.3,0.3,0.6,0.079,-0.3,0.3,-0.1,0.2
400,theisda01,Daniel Theis,[<Position.CENTER: 'CENTER'>],27,Team.BOSTON_CELTICS,13,295,14.0,0.518,0.169,0.352,7.6,25.2,16.4,8.1,1.3,6.4,10.9,13.3,0.3,0.7,0.9,0.152,-3.0,5.3,2.2,0.3
401,thomais02,Isaiah Thomas,[<Position.POINT_GUARD: 'POINT GUARD'>],30,Team.WASHINGTON_WIZARDS,11,267,14.9,0.538,0.426,0.082,0.4,6.6,3.4,32.3,0.9,0.6,14.8,22.7,0.4,-0.1,0.3,0.046,0.5,-5.2,-4.7,-0.2
402,thomakh01,Khyri Thomas,[<Position.SHOOTING_GUARD: 'SHOOTING GUARD'>],23,Team.DETROIT_PISTONS,2,6,4.0,0.568,0.0,0.0,0.0,0.0,0.0,0.0,0.0,0.0,0.0,6.3,0.0,0.0,0.0,0.023,-3.7,-3.6,-7.3,0.0
403,thomama02,Matt Thomas,[<Position.SHOOTING_GUARD: 'SHOOTING GUARD'>],25,Team.TORONTO_RAPTORS,11,125,13.6,0.75,0.676,0.088,0.9,8.3,4.9,4.6,1.5,0.0,10.2,13.5,0.2,0.2,0.4,0.154,2.3,-0.7,1.6,0.1
404,thomptr01,Tristan Thompson,[<Position.CENTER: 'CENTER'>],28,Team.CLEVELAND_CAVALIERS,14,437,20.7,0.55,0.043,0.253,13.9,20.5,17.1,12.8,1.2,3.8,10.4,19.7,0.9,0.3,1.2,0.134,1.4,1.9,3.3,0.6
405,thybuma01,Matisse Thybulle,[<Position.SHOOTING_GUARD: 'SHOOTING GUARD'>],22,Team.PHILADELPHIA_76ERS,14,197,7.3,0.452,0.521,0.292,2.3,6.1,4.2,9.1,4.6,4.7,23.9,15.2,-0.3,0.5,0.1,0.027,-4.4,4.1,-0.3,0.1
406,tollian01,Anthony Tolliver,[<Position.POWER_FORWARD: 'POWER FORWARD'>],34,Team.PORTLAND_TRAIL_BLAZERS,13,228,4.9,0.41,0.78,0.22,4.0,14.5,9.3,5.5,0.6,1.8,15.4,11.7,-0.2,0.1,-0.1,-0.027,-3.7,-0.3,-4.1,-0.1
407,townska01,Karl-Anthony Towns,[<Position.CENTER: 'CENTER'>],24,Team.MINNESOTA_TIMBERWOLVES,13,426,29.1,0.655,0.511,0.333,8.2,29.8,18.9,19.3,1.8,3.7,13.1,28.2,1.6,0.7,2.3,0.255,7.1,2.2,9.3,1.2
408,trentga02,Gary Trent,[<Position.SHOOTING_GUARD: 'SHOOTING GUARD'>],21,Team.PORTLAND_TRAIL_BLAZERS,10,86,14.1,0.603,0.655,0.0,3.5,10.5,7.0,8.3,1.1,1.9,6.5,14.9,0.2,0.0,0.2,0.111,1.3,-1.5,-0.3,0.0
409,trieral01,Allonzo Trier,[<Position.POINT_GUARD: 'POINT GUARD'>],24,Team.NEW_YORK_KNICKS,8,117,12.3,0.659,0.588,0.618,0.8,10.4,5.4,16.0,0.8,2.5,24.5,20.7,0.1,0.0,0.2,0.063,-0.9,-2.3,-3.3,0.0
410,tuckepj01,P.J. Tucker,[<Position.POWER_FORWARD: 'POWER FORWARD'>],34,Team.HOUSTON_ROCKETS,16,557,11.4,0.678,0.642,0.132,4.2,13.5,8.8,5.2,1.7,1.2,12.5,9.3,0.9,0.5,1.4,0.123,0.8,1.2,2.0,0.6
411,turneev01,Evan Turner,[<Position.POINT_GUARD: 'POINT GUARD'>],31,Team.ATLANTA_HAWKS,7,88,15.2,0.609,0.038,0.385,3.8,11.4,7.6,22.5,2.7,1.0,20.8,18.1,0.1,0.0,0.2,0.082,-1.3,-1.2,-2.5,0.0
412,turnemy01,Myles Turner,[<Position.CENTER: 'CENTER'>],23,Team.INDIANA_PACERS,6,189,16.6,0.601,0.4,0.169,6.7,18.1,12.4,3.8,0.8,5.7,12.5,18.0,0.2,0.3,0.6,0.143,-0.9,2.4,1.5,0.2
413,valanjo01,Jonas Valančiūnas,[<Position.CENTER: 'CENTER'>],27,Team.MEMPHIS_GRIZZLIES,14,326,17.4,0.591,0.175,0.168,9.4,32.8,20.9,13.0,0.3,2.4,17.4,22.6,0.3,0.2,0.5,0.077,-1.4,-0.4,-1.8,0.0
414,valende01,Denzel Valentine,[<Position.SMALL_FORWARD: 'SMALL FORWARD'>],26,Team.CHICAGO_BULLS,3,11,33.2,0.667,0.778,0.0,9.0,29.0,18.6,20.6,0.0,0.0,10.0,37.4,0.0,0.0,0.0,0.196,12.3,-4.2,8.1,0.0
415,vandeja01,Jarred Vanderbilt,[<Position.SMALL_FORWARD: 'SMALL FORWARD'>],20,Team.DENVER_NUGGETS,3,9,0.5,0.0,0.0,0.0,0.0,23.8,11.7,13.5,0.0,0.0,100.0,4.8,0.0,0.0,0.0,-0.044,-10.9,2.7,-8.2,0.0
416,vanvlfr01,Fred VanVleet,[<Position.POINT_GUARD: 'POINT GUARD'>],25,Team.TORONTO_RAPTORS,14,527,16.1,0.54,0.448,0.286,0.4,9.6,5.4,29.1,2.3,0.3,13.0,21.3,0.8,0.8,1.7,0.151,1.6,0.5,2.1,0.5
417,vonleno01,Noah Vonleh,[<Position.CENTER: 'CENTER'>],24,Team.MINNESOTA_TIMBERWOLVES,13,169,13.8,0.589,0.2,0.475,9.7,20.1,14.9,12.3,1.1,1.4,19.9,14.4,0.2,0.2,0.4,0.11,-1.7,0.6,-1.2,0.0
418,vucevni01,Nikola Vučević,[<Position.CENTER: 'CENTER'>],29,Team.ORLANDO_MAGIC,14,431,22.3,0.524,0.237,0.185,9.5,30.4,19.5,20.4,1.0,3.0,8.1,24.9,0.8,0.7,1.5,0.169,1.7,2.7,4.4,0.7
419,wadede01,Dean Wade,[<Position.POWER_FORWARD: 'POWER FORWARD'>],23,Team.CLEVELAND_CAVALIERS,3,18,6.7,0.75,0.5,0.0,0.0,12.3,6.0,0.0,2.7,0.0,0.0,4.8,0.0,0.0,0.0,0.085,-2.1,-1.1,-3.2,0.0
420,wagnemo01,Moritz Wagner,[<Position.CENTER: 'CENTER'>],22,Team.WASHINGTON_WIZARDS,13,245,20.5,0.738,0.34,0.268,7.4,23.8,15.4,7.0,1.5,3.8,21.7,23.0,0.5,0.2,0.6,0.125,1.8,-0.6,1.3,0.2
421,walkeke02,Kemba Walker,[<Position.POINT_GUARD: 'POINT GUARD'>],29,Team.BOSTON_CELTICS,15,485,20.1,0.563,0.524,0.288,3.1,11.2,7.2,23.3,1.4,1.5,10.2,27.5,1.0,0.7,1.7,0.166,4.1,-0.3,3.8,0.7
422,walkelo01,Lonnie Walker,[<Position.SHOOTING_GUARD: 'SHOOTING GUARD'>],21,Team.SAN_ANTONIO_SPURS,9,42,-2.7,0.262,0.133,0.333,2.5,20.9,11.4,9.0,0.0,1.9,14.9,20.1,-0.2,0.0,-0.2,-0.232,-11.9,-2.6,-14.5,-0.1
423,wallaty01,Tyrone Wallace,[<Position.SHOOTING_GUARD: 'SHOOTING GUARD'>],25,Team.ATLANTA_HAWKS,11,129,4.9,0.412,0.286,0.486,2.6,13.8,8.2,12.9,1.8,0.0,17.5,16.5,-0.2,0.0,-0.2,-0.067,-5.7,-2.0,-7.7,-0.2
424,princta02,Taurean Waller-Prince,[<Position.SMALL_FORWARD: 'SMALL FORWARD'>],25,Team.BROOKLYN_NETS,15,444,10.3,0.537,0.593,0.15,2.8,18.1,10.6,7.2,1.4,0.9,15.2,19.4,-0.1,0.4,0.3,0.032,-2.0,-0.7,-2.6,-0.1
425,waltode01,Derrick Walton,[<Position.POINT_GUARD: 'POINT GUARD'>],24,Team.LOS_ANGELES_CLIPPERS,3,9,8.7,1.5,1.0,0.0,0.0,0.0,0.0,15.1,0.0,0.0,50.0,9.2,0.0,0.0,0.0,0.091,1.2,-7.2,-6.0,0.0
426,wanambr01,Brad Wanamaker,[<Position.POINT_GUARD: 'POINT GUARD'>],30,Team.BOSTON_CELTICS,15,253,17.4,0.664,0.258,0.5,1.2,9.9,5.6,24.1,2.5,0.7,18.3,16.6,0.6,0.4,1.0,0.192,0.6,0.5,1.1,0.2
427,warretj01,T.J. Warren,[<Position.SMALL_FORWARD: 'SMALL FORWARD'>],26,Team.INDIANA_PACERS,14,474,13.7,0.533,0.192,0.168,2.2,9.0,5.6,5.2,1.8,1.1,7.6,22.4,0.2,0.7,0.9,0.094,-1.7,0.0,-1.7,0.0
428,washipj01,PJ Washington,[<Position.POWER_FORWARD: 'POWER FORWARD'>],21,Team.CHARLOTTE_HORNETS,16,456,14.6,0.607,0.353,0.245,3.5,18.0,10.4,8.2,1.8,2.5,12.5,16.5,0.5,0.3,0.9,0.093,-0.6,0.6,0.0,0.2
429,watanyu01,Yuta Watanabe,[<Position.SHOOTING_GUARD: 'SHOOTING GUARD'>],25,Team.MEMPHIS_GRIZZLIES,1,3,49.4,1.0,0.0,0.0,0.0,36.0,17.8,0.0,0.0,0.0,0.0,27.6,0.0,0.0,0.0,0.441,10.1,-10.8,-0.7,0.0
430,westbru01,Russell Westbrook,[<Position.POINT_GUARD: 'POINT GUARD'>],31,Team.HOUSTON_ROCKETS,14,465,17.8,0.491,0.301,0.331,4.6,19.0,11.8,35.1,2.3,0.9,15.2,32.0,0.1,0.6,0.7,0.072,-0.1,1.0,1.0,0.3
431,whiteco01,Coby White,[<Position.SHOOTING_GUARD: 'SHOOTING GUARD'>],19,Team.CHICAGO_BULLS,16,398,10.9,0.475,0.466,0.167,1.2,14.7,7.7,14.6,1.4,0.0,9.5,25.0,-0.3,0.4,0.1,0.013,-2.0,-1.8,-3.9,-0.2
432,whitede01,Derrick White,[<Position.SHOOTING_GUARD: 'SHOOTING GUARD'>],25,Team.SAN_ANTONIO_SPURS,14,328,14.6,0.572,0.26,0.385,2.8,9.4,6.0,14.8,1.0,3.0,10.3,17.3,0.6,0.1,0.7,0.096,0.3,-1.2,-0.9,0.1
433,whiteha01,Hassan Whiteside,[<Position.CENTER: 'CENTER'>],30,Team.PORTLAND_TRAIL_BLAZERS,14,394,23.0,0.63,0.0,0.364,13.6,29.3,21.5,5.2,0.6,5.2,14.9,20.4,1.0,0.5,1.5,0.18,-0.6,1.0,0.4,0.2
434,wiggian01,Andrew Wiggins,[<Position.SMALL_FORWARD: 'SMALL FORWARD'>],24,Team.MINNESOTA_TIMBERWOLVES,12,416,21.2,0.551,0.323,0.22,3.9,11.6,7.8,18.7,0.9,2.3,6.7,29.0,0.9,0.3,1.1,0.131,2.8,-1.6,1.2,0.3
435,willigr01,Grant Williams,[<Position.POWER_FORWARD: 'POWER FORWARD'>],21,Team.BOSTON_CELTICS,14,224,4.7,0.356,0.432,0.341,5.4,10.3,7.9,8.1,1.7,3.6,19.2,11.9,-0.3,0.4,0.0,0.007,-5.5,3.4,-2.1,0.0
436,willike04,Kenrich Williams,[<Position.POWER_FORWARD: 'POWER FORWARD'>],25,Team.NEW_ORLEANS_PELICANS,15,375,12.4,0.541,0.623,0.208,7.4,19.3,13.2,9.7,2.1,2.5,10.6,10.2,0.5,0.3,0.8,0.103,0.4,2.1,2.5,0.4
437,willilo02,Lou Williams,[<Position.SHOOTING_GUARD: 'SHOOTING GUARD'>],33,Team.LOS_ANGELES_CLIPPERS,16,522,19.8,0.557,0.276,0.418,2.2,9.1,5.8,29.1,0.8,0.5,13.1,29.6,1.2,0.5,1.6,0.151,2.4,-1.9,0.5,0.3
438,willima02,Marvin Williams,[<Position.POWER_FORWARD: 'POWER FORWARD'>],33,Team.CHARLOTTE_HORNETS,16,309,11.8,0.615,0.598,0.207,2.4,11.6,6.8,4.8,1.6,1.4,9.1,13.7,0.4,0.1,0.5,0.082,-0.3,-1.1,-1.5,0.0
439,williro04,Robert Williams,[<Position.CENTER: 'CENTER'>],22,Team.BOSTON_CELTICS,13,184,21.0,0.76,0.0,0.344,7.7,25.1,16.5,15.7,2.9,7.8,23.0,11.1,0.4,0.5,0.9,0.246,0.0,8.2,8.2,0.5
440,willini01,Nigel Williams-Goss,[<Position.POINT_GUARD: 'POINT GUARD'>],25,Team.UTAH_JAZZ,4,8,-14.5,0.0,0.5,0.0,0.0,0.0,0.0,16.2,0.0,0.0,33.3,16.3,-0.1,0.0,-0.1,-0.347,-16.9,-4.4,-21.3,0.0
441,wilsodj01,D.J. Wilson,[<Position.POWER_FORWARD: 'POWER FORWARD'>],23,Team.MILWAUKEE_BUCKS,6,39,3.3,0.4,0.733,0.0,0.0,16.7,8.7,10.0,0.0,2.2,16.7,18.7,-0.1,0.0,-0.1,-0.07,-6.2,-1.4,-7.6,-0.1
442,winslju01,Justise Winslow,[<Position.SMALL_FORWARD: 'SMALL FORWARD'>],23,Team.MIAMI_HEAT,5,181,9.1,0.434,0.167,0.236,6.1,18.3,12.6,19.7,1.3,1.6,16.8,22.5,-0.2,0.3,0.1,0.017,-5.1,1.6,-3.5,-0.1
443,woodch01,Christian Wood,[<Position.POWER_FORWARD: 'POWER FORWARD'>],24,Team.DETROIT_PISTONS,13,195,24.9,0.716,0.333,0.47,7.8,26.0,17.0,4.3,1.0,6.7,12.1,20.1,0.6,0.2,0.8,0.202,1.7,0.0,1.7,0.2
444,wrighde01,Delon Wright,[<Position.SHOOTING_GUARD: 'SHOOTING GUARD'>],27,Team.DALLAS_MAVERICKS,15,338,18.0,0.6,0.27,0.303,3.2,12.3,7.9,18.4,2.7,1.5,8.2,13.8,0.9,0.4,1.3,0.188,1.9,1.4,3.3,0.4
445,youngth01,Thaddeus Young,[<Position.POWER_FORWARD: 'POWER FORWARD'>],31,Team.CHICAGO_BULLS,16,359,12.4,0.49,0.396,0.154,7.4,11.9,9.6,11.0,2.1,1.6,13.6,21.1,-0.1,0.4,0.3,0.035,-1.6,0.5,-1.2,0.1
446,youngtr01,Trae Young,[<Position.POINT_GUARD: 'POINT GUARD'>],21,Team.ATLANTA_HAWKS,14,470,22.6,0.568,0.428,0.39,1.7,11.6,6.6,44.8,2.3,0.2,17.7,33.8,0.8,0.1,0.9,0.092,5.8,-2.8,3.0,0.6
447,zelleco01,Cody Zeller,[<Position.CENTER: 'CENTER'>],27,Team.CHARLOTTE_HORNETS,15,376,16.8,0.574,0.228,0.315,13.2,24.7,18.6,8.0,1.0,1.2,13.7,19.1,0.6,0.2,0.8,0.108,-0.5,-1.0,-1.4,0.1
448,zizican01,Ante Žižić,[<Position.CENTER: 'CENTER'>],23,Team.CLEVELAND_CAVALIERS,4,64,14.0,0.594,0.0,0.278,8.2,15.6,11.8,0.0,0.8,1.3,4.7,14.2,0.1,0.0,0.1,0.108,-2.9,-4.3,-7.2,-0.1
449,zubaciv01,Ivica Zubac,[<Position.CENTER: 'CENTER'>],22,Team.LOS_ANGELES_CLIPPERS,16,255,26.2,0.664,0.012,0.453,15.9,28.4,22.3,9.9,0.6,7.5,12.7,19.1,1.0,0.5,1.5,0.283,2.0,4.0,6.0,0.5
