,slug,name,positions,age,team,games_played,games_started,minutes_played,made_field_goals,attempted_field_goals,made_three_point_field_goals,attempted_three_point_field_goals,made_free_throws,attempted_free_throws,offensive_rebounds,defensive_rebounds,assists,steals,blocks,turnovers,personal_fouls
0,adamsst01,Steven Adams,[<Position.CENTER: 'CENTER'>],26,Team.OKLAHOMA_CITY_THUNDER,12,12,316,48,87,0,0,12,31,33,73,33,6,8,18,23
1,adebaba01,Bam Adebayo,[<Position.CENTER: 'CENTER'>],22,Team.MIAMI_HEAT,14,14,451,71,117,1,6,53,84,33,114,64,25,19,37,36
2,aldrila01,LaMarcus Aldridge,[<Position.CENTER: 'CENTER'>],34,Team.SAN_ANTONIO_SPURS,16,16,522,118,227,7,24,42,50,34,75,39,8,30,27,38
3,alexani01,Nickeil Alexander-Walker,[<Position.SHOOTING_GUARD: 'SHOOTING GUARD'>],21,Team.NEW_ORLEANS_PELICANS,15,0,226,36,110,21,59,8,10,2,33,35,5,2,20,26
4,allengr01,Grayson Allen,[<Position.SHOOTING_GUARD: 'SHOOTING GUARD'>],24,Team.MEMPHIS_GRIZZLIES,5,0,84,11,35,5,19,10,12,1,9,8,2,0,7,10
5,allenja01,Jarrett Allen,[<Position.CENTER: 'CENTER'>],21,Team.BROOKLYN_NETS,15,12,384,62,93,0,1,32,56,43,98,13,9,21,20,36
6,aminual01,Al-Farouq Aminu,[<Position.POWER_FORWARD: 'POWER FORWARD'>],29,Team.ORLANDO_MAGIC,14,2,302,21,65,8,26,17,25,21,54,13,12,6,14,24
7,anderky01,Kyle Anderson,[<Position.POWER_FORWARD: 'POWER FORWARD'>],26,Team.MEMPHIS_GRIZZLIES,14,0,294,40,76,4,15,15,26,13,51,37,10,11,12,27
8,anderry01,Ryan Anderson,[<Position.POWER_FORWARD: 'POWER FORWARD'>],31,Team.HOUSTON_ROCKETS,2,0,14,2,7,1,5,0,0,0,7,2,1,0,1,1
9,antetgi01,Giannis Antetokounmpo,[<Position.POWER_FORWARD: 'POWER FORWARD'>],25,Team.MILWAUKEE_BUCKS,15,15,495,164,290,20,69,103,170,37,175,99,23,21,72,56
10,antetko01,Kostas Antetokounmpo,[<Position.POWER_FORWARD: 'POWER FORWARD'>],22,Team.LOS_ANGELES_LAKERS,2,0,3,0,0,0,0,0,0,0,1,0,0,0,0,0
11,antetth01,Thanasis Antetokounmpo,[<Position.SMALL_FORWARD: 'SMALL FORWARD'>],27,Team.MILWAUKEE_BUCKS,2,0,10,2,4,0,0,0,0,2,0,1,0,0,0,0
12,anthoca01,Carmelo Anthony,[<Position.POWER_FORWARD: 'POWER FORWARD'>],35,Team.PORTLAND_TRAIL_BLAZERS,2,2,53,10,29,5,8,3,4,2,9,4,0,1,8,7
13,anunoog01,OG Anunoby,[<Position.SMALL_FORWARD: 'SMALL FORWARD'>],22,Team.TORONTO_RAPTORS,13,13,382,62,108,26,50,8,12,12,58,20,13,14,14,33
14,arcidry01,Ryan Arcidiacono,[<Position.POINT_GUARD: 'POINT GUARD'>],25,Team.CHICAGO_BULLS,16,0,280,27,61,18,37,14,19,9,21,31,8,1,8,34
15,arizatr01,Trevor Ariza,[<Position.SMALL_FORWARD: 'SMALL FORWARD'>],34,Team.SACRAMENTO_KINGS,11,0,227,15,42,12,32,4,5,4,34,9,9,0,7,19
16,augusdj01,D.J. Augustin,[<Position.POINT_GUARD: 'POINT GUARD'>],32,Team.ORLANDO_MAGIC,14,5,356,48,122,12,40,24,28,7,22,62,7,0,15,14
17,aytonde01,Deandre Ayton,[<Position.CENTER: 'CENTER'>],21,Team.PHOENIX_SUNS,1,1,33,9,14,0,0,0,0,3,8,0,1,4,0,2
18,bacondw01,Dwayne Bacon,[<Position.SHOOTING_GUARD: 'SHOOTING GUARD'>],24,Team.CHARLOTTE_HORNETS,13,10,282,42,121,9,34,17,24,7,28,18,10,2,18,26
19,baglema01,Marvin Bagley,[<Position.POWER_FORWARD: 'POWER FORWARD'>],20,Team.SACRAMENTO_KINGS,1,1,28,6,16,0,0,2,4,4,6,0,1,1,1,1
20,balllo01,Lonzo Ball,[<Position.POINT_GUARD: 'POINT GUARD'>],22,Team.NEW_ORLEANS_PELICANS,9,8,252,37,91,20,56,6,10,6,31,54,13,1,22,17
21,bambamo01,Mo Bamba,[<Position.CENTER: 'CENTER'>],21,Team.ORLANDO_MAGIC,12,0,161,19,56,5,21,2,6,14,36,5,3,13,13,25
22,bareajo01,J.J. Barea,[<Position.POINT_GUARD: 'POINT GUARD'>],35,Team.DALLAS_MAVERICKS,2,0,28,8,14,5,7,2,2,1,1,5,1,1,4,0
23,barneha02,Harrison Barnes,[<Position.POWER_FORWARD: 'POWER FORWARD'>],27,Team.SACRAMENTO_KINGS,14,14,477,75,156,20,56,41,51,16,53,28,15,3,18,19
24,barrerj01,RJ Barrett,[<Position.SHOOTING_GUARD: 'SHOOTING GUARD'>],19,Team.NEW_YORK_KNICKS,15,15,505,86,212,17,47,40,79,21,64,53,21,6,42,39
25,bartowi01,Will Barton,[<Position.SMALL_FORWARD: 'SMALL FORWARD'>],29,Team.DENVER_NUGGETS,12,12,382,66,145,22,50,24,33,20,62,35,12,6,14,24
26,bateske01,Keita Bates-Diop,[<Position.SMALL_FORWARD: 'SMALL FORWARD'>],24,Team.MINNESOTA_TIMBERWOLVES,4,0,38,3,6,2,4,3,3,1,5,0,1,2,2,3
27,batumni01,Nicolas Batum,[<Position.SMALL_FORWARD: 'SMALL FORWARD'>],31,Team.CHARLOTTE_HORNETS,5,0,119,5,13,5,12,0,0,4,25,23,1,2,9,9
28,baynear01,Aron Baynes,[<Position.CENTER: 'CENTER'>],33,Team.PHOENIX_SUNS,12,11,288,64,114,23,52,23,32,18,49,37,4,9,13,47
29,bazemke01,Kent Bazemore,[<Position.SMALL_FORWARD: 'SMALL FORWARD'>],30,Team.PORTLAND_TRAIL_BLAZERS,16,2,377,45,130,22,63,18,26,5,66,33,14,13,24,52
30,bazleda01,Darius Bazley,[<Position.POWER_FORWARD: 'POWER FORWARD'>],19,Team.OKLAHOMA_CITY_THUNDER,15,0,262,27,60,12,32,7,12,5,51,9,5,5,14,15
31,bealbr01,Bradley Beal,[<Position.SHOOTING_GUARD: 'SHOOTING GUARD'>],26,Team.WASHINGTON_WIZARDS,13,13,482,140,296,39,111,75,91,13,48,92,13,3,45,35
32,beaslma01,Malik Beasley,[<Position.SHOOTING_GUARD: 'SHOOTING GUARD'>],23,Team.DENVER_NUGGETS,10,0,153,22,61,12,30,3,3,3,10,8,6,2,11,12
33,belinma01,Marco Belinelli,[<Position.SHOOTING_GUARD: 'SHOOTING GUARD'>],33,Team.SAN_ANTONIO_SPURS,16,0,268,29,102,14,48,8,13,1,23,25,4,0,8,14
34,belljo01,Jordan Bell,[<Position.CENTER: 'CENTER'>],25,Team.MINNESOTA_TIMBERWOLVES,6,0,50,9,17,0,3,6,7,5,17,5,0,1,12,4
35,bembrde01,DeAndre' Bembry,[<Position.SHOOTING_GUARD: 'SHOOTING GUARD'>],25,Team.ATLANTA_HAWKS,15,1,385,50,92,5,16,11,26,15,47,47,24,6,26,33
36,bertada01,Dāvis Bertāns,[<Position.POWER_FORWARD: 'POWER FORWARD'>],27,Team.WASHINGTON_WIZARDS,13,0,362,58,126,43,97,11,12,8,50,24,8,5,10,31
37,beverpa01,Patrick Beverley,[<Position.POINT_GUARD: 'POINT GUARD'>],31,Team.LOS_ANGELES_CLIPPERS,14,14,422,40,109,15,62,11,19,17,76,39,23,7,21,55
38,birchkh01,Khem Birch,[<Position.CENTER: 'CENTER'>],27,Team.ORLANDO_MAGIC,5,0,66,6,12,0,1,4,11,3,10,1,1,0,0,6
39,bitadgo01,Goga Bitadze,[<Position.CENTER: 'CENTER'>],20,Team.INDIANA_PACERS,9,2,155,21,42,4,11,11,15,13,26,12,1,16,9,25
40,biyombi01,Bismack Biyombo,[<Position.CENTER: 'CENTER'>],27,Team.CHARLOTTE_HORNETS,14,1,185,35,55,0,0,25,46,15,24,9,5,8,8,23
41,bjeline01,Nemanja Bjelica,[<Position.POWER_FORWARD: 'POWER FORWARD'>],31,Team.SACRAMENTO_KINGS,14,13,362,60,112,28,58,7,8,23,63,31,13,5,16,40
42,bledser01,Eric Bledsoe,[<Position.POINT_GUARD: 'POINT GUARD'>],30,Team.MILWAUKEE_BUCKS,15,15,409,100,211,21,70,49,61,16,65,79,11,5,36,42
43,bogdabo01,Bogdan Bogdanović,[<Position.SHOOTING_GUARD: 'SHOOTING GUARD'>],27,Team.SACRAMENTO_KINGS,13,0,360,66,153,39,89,23,30,2,34,62,20,1,25,29
44,bogdabo02,Bojan Bogdanović,[<Position.SMALL_FORWARD: 'SMALL FORWARD'>],30,Team.UTAH_JAZZ,14,14,457,98,216,43,96,44,49,8,50,27,11,4,37,30
45,boldejo01,Jonah Bolden,[<Position.POWER_FORWARD: 'POWER FORWARD'>],24,Team.PHILADELPHIA_76ERS,2,0,5,1,1,0,0,0,2,0,0,0,1,0,1,0
46,bonejo01,Jordan Bone,[<Position.POINT_GUARD: 'POINT GUARD'>],22,Team.DETROIT_PISTONS,2,0,4,0,3,0,1,0,0,0,0,0,0,0,2,2
47,bongais01,Isaac Bonga,[<Position.SMALL_FORWARD: 'SMALL FORWARD'>],20,Team.WASHINGTON_WIZARDS,8,7,152,14,30,2,6,6,9,7,20,12,7,1,6,21
48,bookede01,Devin Booker,[<Position.SHOOTING_GUARD: 'SHOOTING GUARD'>],23,Team.PHOENIX_SUNS,14,14,490,125,235,35,72,64,68,4,42,84,8,4,59,52
49,bouchch01,Chris Boucher,[<Position.POWER_FORWARD: 'POWER FORWARD'>],27,Team.TORONTO_RAPTORS,12,0,148,25,57,5,18,12,17,26,27,5,5,13,4,19
50,bowenbr02,Brian Bowen,[<Position.SHOOTING_GUARD: 'SHOOTING GUARD'>],21,Team.INDIANA_PACERS,3,0,10,1,4,0,1,0,0,0,1,0,0,1,0,0
51,bowmaky01,Ky Bowman,[<Position.POINT_GUARD: 'POINT GUARD'>],22,Team.GOLDEN_STATE_WARRIORS,17,5,355,57,121,17,40,8,9,6,31,41,17,1,16,31
52,bradlav01,Avery Bradley,[<Position.SHOOTING_GUARD: 'SHOOTING GUARD'>],29,Team.LOS_ANGELES_LAKERS,10,10,274,41,84,8,28,6,8,7,25,18,10,1,11,26
53,bradlto01,Tony Bradley,[<Position.CENTER: 'CENTER'>],22,Team.UTAH_JAZZ,10,0,91,16,28,0,0,7,12,14,16,2,2,3,5,16
54,brantja01,Jarrell Brantley,[<Position.POWER_FORWARD: 'POWER FORWARD'>],23,Team.UTAH_JAZZ,1,0,5,0,0,0,0,0,0,0,3,1,0,1,0,0
55,brazdig01,Ignas Brazdeikis,[<Position.SMALL_FORWARD: 'SMALL FORWARD'>],21,Team.NEW_YORK_KNICKS,4,0,14,2,7,0,2,2,2,0,0,1,0,1,1,1
56,bridgmi01,Mikal Bridges,[<Position.SMALL_FORWARD: 'SMALL FORWARD'>],23,Team.PHOENIX_SUNS,14,0,289,31,66,5,23,20,25,12,42,15,22,4,8,27
57,bridgmi02,Miles Bridges,[<Position.SMALL_FORWARD: 'SMALL FORWARD'>],21,Team.CHARLOTTE_HORNETS,16,16,504,82,178,27,73,16,22,22,62,31,9,12,31,30
58,brissos01,Oshae Brissett,[<Position.SMALL_FORWARD: 'SMALL FORWARD'>],21,Team.TORONTO_RAPTORS,2,0,7,1,3,1,1,0,0,0,0,0,0,0,0,0
59,broekry01,Ryan Broekhoff,[<Position.SHOOTING_GUARD: 'SHOOTING GUARD'>],29,Team.DALLAS_MAVERICKS,4,0,25,4,8,4,5,0,0,0,5,3,1,0,1,1
60,brogdma01,Malcolm Brogdon,[<Position.POINT_GUARD: 'POINT GUARD'>],27,Team.INDIANA_PACERS,12,12,372,83,179,16,52,48,49,7,51,98,12,3,35,28
61,brookdi01,Dillon Brooks,[<Position.SHOOTING_GUARD: 'SHOOTING GUARD'>],24,Team.MEMPHIS_GRIZZLIES,14,14,381,68,169,25,66,31,35,13,34,27,15,7,15,54
62,brownbr01,Bruce Brown,[<Position.SHOOTING_GUARD: 'SHOOTING GUARD'>],23,Team.DETROIT_PISTONS,15,11,413,42,103,8,23,16,31,13,47,59,15,8,32,47
63,brownch02,Charlie Brown,[<Position.SHOOTING_GUARD: 'SHOOTING GUARD'>],22,Team.ATLANTA_HAWKS,4,0,16,1,3,1,1,4,4,2,1,0,0,1,0,0
64,brownja02,Jaylen Brown,[<Position.SMALL_FORWARD: 'SMALL FORWARD'>],23,Team.BOSTON_CELTICS,12,12,399,84,180,21,56,37,51,14,75,28,13,3,20,41
65,brownmo01,Moses Brown,[<Position.CENTER: 'CENTER'>],20,Team.PORTLAND_TRAIL_BLAZERS,2,0,5,0,1,0,0,0,0,0,3,0,0,0,0,0
66,brownst02,Sterling Brown,[<Position.SMALL_FORWARD: 'SMALL FORWARD'>],24,Team.MILWAUKEE_BUCKS,12,0,194,26,58,13,29,8,11,9,49,17,6,2,10,15
67,browntr01,Troy Brown,[<Position.SHOOTING_GUARD: 'SHOOTING GUARD'>],20,Team.WASHINGTON_WIZARDS,10,6,223,29,64,6,20,7,8,15,38,22,11,1,11,12
68,brunsja01,Jalen Brunson,[<Position.POINT_GUARD: 'POINT GUARD'>],23,Team.DALLAS_MAVERICKS,15,3,279,49,101,9,32,15,24,10,34,45,10,0,15,18
69,bryanth01,Thomas Bryant,[<Position.CENTER: 'CENTER'>],22,Team.WASHINGTON_WIZARDS,13,13,377,76,139,8,31,30,38,32,83,33,6,16,18,32
70,burketr01,Trey Burke,[<Position.POINT_GUARD: 'POINT GUARD'>],27,Team.PHILADELPHIA_76ERS,5,0,84,13,34,3,6,6,8,4,7,15,2,1,1,3
71,burksal01,Alec Burks,[<Position.SHOOTING_GUARD: 'SHOOTING GUARD'>],28,Team.GOLDEN_STATE_WARRIORS,14,5,386,65,155,19,53,60,66,7,54,35,11,6,18,31
72,burtode02,Deonte Burton,[<Position.SHOOTING_GUARD: 'SHOOTING GUARD'>],26,Team.OKLAHOMA_CITY_THUNDER,7,0,52,9,20,5,11,0,0,0,8,1,1,0,3,5
73,butleji01,Jimmy Butler,[<Position.SMALL_FORWARD: 'SMALL FORWARD'>],30,Team.MIAMI_HEAT,11,11,377,62,141,9,31,81,94,19,43,77,31,10,29,14
74,cabocbr01,Bruno Caboclo,[<Position.SMALL_FORWARD: 'SMALL FORWARD'>],24,Team.MEMPHIS_GRIZZLIES,9,0,85,14,32,3,13,0,0,6,12,5,4,8,4,12
75,caldwke01,Kentavious Caldwell-Pope,[<Position.SHOOTING_GUARD: 'SHOOTING GUARD'>],26,Team.LOS_ANGELES_LAKERS,15,5,325,46,103,15,38,10,12,8,27,20,10,1,12,24
76,cancavl01,Vlatko Čančar,[<Position.SMALL_FORWARD: 'SMALL FORWARD'>],22,Team.DENVER_NUGGETS,1,0,2,0,0,0,0,0,0,0,0,0,0,0,0,0
77,capelca01,Clint Capela,[<Position.CENTER: 'CENTER'>],25,Team.HOUSTON_ROCKETS,14,14,443,90,141,0,0,18,38,46,151,12,12,30,22,40
78,carrode01,DeMarre Carroll,[<Position.SMALL_FORWARD: 'SMALL FORWARD'>],33,Team.SAN_ANTONIO_SPURS,7,0,75,6,16,3,8,2,2,4,12,6,1,2,3,6
79,carteje01,Jevon Carter,[<Position.POINT_GUARD: 'POINT GUARD'>],24,Team.PHOENIX_SUNS,12,2,190,19,47,12,30,4,4,2,21,21,12,5,14,20
80,cartevi01,Vince Carter,[<Position.SMALL_FORWARD: 'SMALL FORWARD'>],43,Team.ATLANTA_HAWKS,10,0,150,22,59,8,38,5,6,2,17,6,4,1,8,16
81,cartewe01,Wendell Carter,[<Position.CENTER: 'CENTER'>],20,Team.CHICAGO_BULLS,16,16,448,77,130,1,10,46,65,58,98,13,6,13,21,66
82,cartemi01,Michael Carter-Williams,[<Position.SHOOTING_GUARD: 'SHOOTING GUARD'>],28,Team.ORLANDO_MAGIC,10,0,149,14,47,3,17,16,20,11,20,13,8,6,8,17
83,carusal01,Alex Caruso,[<Position.POINT_GUARD: 'POINT GUARD'>],25,Team.LOS_ANGELES_LAKERS,14,0,280,31,74,10,33,4,6,1,24,29,17,5,17,18
84,caulewi01,Willie Cauley-Stein,[<Position.CENTER: 'CENTER'>],26,Team.GOLDEN_STATE_WARRIORS,14,13,313,48,83,0,0,10,13,15,70,24,15,17,12,39
85,chandty01,Tyson Chandler,[<Position.CENTER: 'CENTER'>],37,Team.HOUSTON_ROCKETS,14,2,135,11,15,0,0,4,7,18,27,6,4,7,5,19
86,cheatzy01,Zylan Cheatham,[<Position.SMALL_FORWARD: 'SMALL FORWARD'>],24,Team.NEW_ORLEANS_PELICANS,2,0,20,1,4,0,1,0,0,0,3,1,0,0,1,3
87,chiozch01,Chris Chiozza,[<Position.POINT_GUARD: 'POINT GUARD'>],24,Team.WASHINGTON_WIZARDS,2,0,35,2,9,2,4,0,0,0,4,7,2,2,3,6
88,chrisma01,Marquese Chriss,[<Position.POWER_FORWARD: 'POWER FORWARD'>],22,Team.GOLDEN_STATE_WARRIORS,16,1,272,43,89,2,12,28,34,24,50,29,11,15,23,32
89,clarkga01,Gary Clark,[<Position.POWER_FORWARD: 'POWER FORWARD'>],25,Team.HOUSTON_ROCKETS,3,0,8,1,3,1,3,0,0,0,1,1,0,0,0,2
90,clarkbr01,Brandon Clarke,[<Position.POWER_FORWARD: 'POWER FORWARD'>],23,Team.MEMPHIS_GRIZZLIES,13,1,288,70,113,8,18,17,20,20,59,15,8,15,15,24
91,clarkjo01,Jordan Clarkson,[<Position.SHOOTING_GUARD: 'SHOOTING GUARD'>],27,Team.CLEVELAND_CAVALIERS,15,0,335,67,162,20,70,48,53,11,22,34,10,5,18,17
92,claxtni01,Nicolas Claxton,[<Position.POWER_FORWARD: 'POWER FORWARD'>],20,Team.BROOKLYN_NETS,7,0,88,10,19,0,5,5,10,6,12,7,1,1,3,7
93,clemoch01,Chris Clemons,[<Position.SHOOTING_GUARD: 'SHOOTING GUARD'>],22,Team.HOUSTON_ROCKETS,10,0,98,18,40,14,33,3,4,2,5,4,2,2,5,11
94,collijo01,John Collins,[<Position.POWER_FORWARD: 'POWER FORWARD'>],22,Team.ATLANTA_HAWKS,5,5,161,32,61,9,19,12,17,10,34,8,5,10,7,17
95,colliza01,Zach Collins,[<Position.POWER_FORWARD: 'POWER FORWARD'>],22,Team.PORTLAND_TRAIL_BLAZERS,3,3,86,9,19,3,7,6,6,4,8,6,0,2,6,11
96,conlemi01,Mike Conley,[<Position.POINT_GUARD: 'POINT GUARD'>],32,Team.UTAH_JAZZ,15,15,461,78,201,31,85,48,62,9,40,65,12,2,33,33
97,connapa01,Pat Connaughton,[<Position.SHOOTING_GUARD: 'SHOOTING GUARD'>],27,Team.MILWAUKEE_BUCKS,13,0,213,28,61,13,38,3,3,5,34,21,3,7,4,13
98,cookqu01,Quinn Cook,[<Position.POINT_GUARD: 'POINT GUARD'>],26,Team.LOS_ANGELES_LAKERS,15,0,216,32,77,9,28,2,3,4,16,27,6,1,12,9
99,cookty01,Tyler Cook,[<Position.POWER_FORWARD: 'POWER FORWARD'>],22,Team.CLEVELAND_CAVALIERS,6,0,17,5,6,0,0,2,2,3,2,0,1,0,1,1
100,covinro01,Robert Covington,[<Position.POWER_FORWARD: 'POWER FORWARD'>],29,Team.MINNESOTA_TIMBERWOLVES,15,15,409,66,141,30,84,31,36,11,74,14,22,16,24,42
101,crabbal01,Allen Crabbe,[<Position.SHOOTING_GUARD: 'SHOOTING GUARD'>],27,Team.ATLANTA_HAWKS,5,0,88,10,27,5,17,5,7,2,11,1,2,2,2,2
102,craigto01,Torrey Craig,[<Position.SMALL_FORWARD: 'SMALL FORWARD'>],29,Team.DENVER_NUGGETS,12,2,186,14,41,4,20,4,9,9,26,15,5,11,5,26
103,crowdja01,Jae Crowder,[<Position.SMALL_FORWARD: 'SMALL FORWARD'>],29,Team.MEMPHIS_GRIZZLIES,14,14,424,46,115,30,86,16,23,10,75,42,14,6,23,30
104,culveja01,Jarrett Culver,[<Position.SHOOTING_GUARD: 'SHOOTING GUARD'>],20,Team.MINNESOTA_TIMBERWOLVES,15,5,348,49,134,17,59,10,29,14,28,31,14,6,23,35
105,curryse01,Seth Curry,[<Position.SHOOTING_GUARD: 'SHOOTING GUARD'>],29,Team.DALLAS_MAVERICKS,13,9,280,34,79,18,50,17,19,5,16,23,8,3,11,24
106,curryst01,Stephen Curry,[<Position.POINT_GUARD: 'POINT GUARD'>],31,Team.GOLDEN_STATE_WARRIORS,4,4,112,27,66,9,37,18,18,4,16,26,5,2,15,10
107,danietr01,Troy Daniels,[<Position.SHOOTING_GUARD: 'SHOOTING GUARD'>],28,Team.LOS_ANGELES_LAKERS,10,0,154,18,54,12,42,3,3,2,14,6,3,1,3,7
108,davisan02,Anthony Davis,[<Position.POWER_FORWARD: 'POWER FORWARD'>],26,Team.LOS_ANGELES_LAKERS,14,14,489,125,260,15,44,96,109,32,96,51,19,40,40,35
109,davised01,Ed Davis,[<Position.CENTER: 'CENTER'>],30,Team.UTAH_JAZZ,6,0,73,4,10,0,0,2,4,9,22,1,1,3,5,14
110,daviste02,Terence Davis,[<Position.SHOOTING_GUARD: 'SHOOTING GUARD'>],22,Team.TORONTO_RAPTORS,14,0,198,29,59,16,33,10,10,5,34,28,7,3,8,25
111,dedmode01,Dewayne Dedmon,[<Position.CENTER: 'CENTER'>],30,Team.SACRAMENTO_KINGS,14,4,214,27,72,7,33,9,9,22,40,6,5,8,24,33
112,dellama01,Matthew Dellavedova,[<Position.POINT_GUARD: 'POINT GUARD'>],29,Team.CLEVELAND_CAVALIERS,13,0,181,11,41,2,22,9,10,3,18,27,5,1,14,21
113,derozde01,DeMar DeRozan,[<Position.SMALL_FORWARD: 'SMALL FORWARD'>],30,Team.SAN_ANTONIO_SPURS,16,16,545,135,256,0,4,84,103,8,74,74,14,8,44,47
114,diallch01,Cheick Diallo,[<Position.CENTER: 'CENTER'>],23,Team.PHOENIX_SUNS,9,0,49,11,15,0,0,3,4,2,11,2,0,3,3,5
115,diallha01,Hamidou Diallo,[<Position.SMALL_FORWARD: 'SMALL FORWARD'>],21,Team.OKLAHOMA_CITY_THUNDER,12,1,256,46,92,2,13,11,18,14,32,10,18,4,14,29
116,dienggo01,Gorgui Dieng,[<Position.CENTER: 'CENTER'>],30,Team.MINNESOTA_TIMBERWOLVES,11,2,134,21,51,3,16,11,14,11,38,14,8,13,7,10
117,dinwisp01,Spencer Dinwiddie,[<Position.SHOOTING_GUARD: 'SHOOTING GUARD'>],26,Team.BROOKLYN_NETS,15,4,415,90,213,24,85,79,93,3,33,78,13,6,39,53
118,divindo01,Donte DiVincenzo,[<Position.SHOOTING_GUARD: 'SHOOTING GUARD'>],23,Team.MILWAUKEE_BUCKS,12,5,226,39,86,18,44,5,8,11,33,18,17,2,13,22
119,doncilu01,Luka Dončić,[<Position.POINT_GUARD: 'POINT GUARD'>],20,Team.DALLAS_MAVERICKS,15,15,509,146,296,47,136,110,134,23,133,146,20,2,67,37
120,dotsoda01,Damyean Dotson,[<Position.SHOOTING_GUARD: 'SHOOTING GUARD'>],25,Team.NEW_YORK_KNICKS,11,0,149,20,52,7,26,2,3,2,15,9,4,2,3,9
121,dragigo01,Goran Dragić,[<Position.POINT_GUARD: 'POINT GUARD'>],33,Team.MIAMI_HEAT,13,0,367,68,148,32,75,38,52,3,40,69,8,4,34,21
122,drumman01,Andre Drummond,[<Position.CENTER: 'CENTER'>],26,Team.DETROIT_PISTONS,15,15,513,119,218,0,10,46,66,70,180,45,25,30,59,64
123,dudleja01,Jared Dudley,[<Position.SMALL_FORWARD: 'SMALL FORWARD'>],34,Team.LOS_ANGELES_LAKERS,9,0,65,4,7,4,4,0,0,0,7,5,1,1,1,7
124,dunnkr01,Kris Dunn,[<Position.POINT_GUARD: 'POINT GUARD'>],25,Team.CHICAGO_BULLS,16,0,331,47,103,6,28,9,13,8,42,53,35,6,14,51
125,edwarca01,Carsen Edwards,[<Position.SHOOTING_GUARD: 'SHOOTING GUARD'>],21,Team.BOSTON_CELTICS,13,0,151,20,60,11,35,9,11,3,19,13,4,2,4,13
126,ellenhe01,Henry Ellenson,[<Position.FORWARD: 'FORWARD'>],23,Team.BROOKLYN_NETS,1,0,3,0,0,0,0,0,0,0,0,0,0,0,0,0
127,ellinwa01,Wayne Ellington,[<Position.SHOOTING_GUARD: 'SHOOTING GUARD'>],32,Team.NEW_YORK_KNICKS,11,1,147,15,46,12,41,0,1,0,17,9,2,1,8,10
128,embiijo01,Joel Embiid,[<Position.CENTER: 'CENTER'>],25,Team.PHILADELPHIA_76ERS,11,11,323,85,179,15,45,65,83,29,100,34,10,15,33,41
129,ennisja01,James Ennis,[<Position.SMALL_FORWARD: 'SMALL FORWARD'>],29,Team.PHILADELPHIA_76ERS,15,0,239,40,71,12,27,17,24,21,35,10,6,3,11,27
130,eubandr01,Drew Eubanks,[<Position.POWER_FORWARD: 'POWER FORWARD'>],22,Team.SAN_ANTONIO_SPURS,1,0,2,0,2,0,0,0,0,2,1,0,0,0,1,1
131,evansja02,Jacob Evans,[<Position.SHOOTING_GUARD: 'SHOOTING GUARD'>],22,Team.GOLDEN_STATE_WARRIORS,3,0,43,5,12,4,8,4,4,1,4,2,0,0,1,2
132,exumda01,Dante Exum,[<Position.SHOOTING_GUARD: 'SHOOTING GUARD'>],24,Team.UTAH_JAZZ,3,0,28,2,6,0,1,0,0,0,0,1,1,1,0,3
133,fallta01,Tacko Fall,[<Position.CENTER: 'CENTER'>],24,Team.BOSTON_CELTICS,1,0,4,2,4,0,0,0,0,0,3,0,0,0,1,2
134,favorde01,Derrick Favors,[<Position.CENTER: 'CENTER'>],28,Team.NEW_ORLEANS_PELICANS,9,7,189,36,58,1,2,2,6,31,49,19,5,4,14,21
135,fergute01,Terrance Ferguson,[<Position.SMALL_FORWARD: 'SMALL FORWARD'>],21,Team.OKLAHOMA_CITY_THUNDER,14,14,359,29,62,18,43,3,3,11,19,16,7,4,9,42
136,fernabr01,Bruno Fernando,[<Position.CENTER: 'CENTER'>],21,Team.ATLANTA_HAWKS,15,0,180,27,50,2,10,7,13,15,29,14,3,5,13,23
137,ferreyo01,Yogi Ferrell,[<Position.POINT_GUARD: 'POINT GUARD'>],26,Team.SACRAMENTO_KINGS,10,0,125,16,40,5,15,13,15,1,10,14,2,1,8,10
138,finnedo01,Dorian Finney-Smith,[<Position.POWER_FORWARD: 'POWER FORWARD'>],26,Team.DALLAS_MAVERICKS,15,12,393,50,100,17,51,16,26,27,49,15,10,5,16,29
139,forbebr01,Bryn Forbes,[<Position.SHOOTING_GUARD: 'SHOOTING GUARD'>],26,Team.SAN_ANTONIO_SPURS,16,16,445,77,187,42,114,29,32,5,37,25,9,0,12,27
140,fournev01,Evan Fournier,[<Position.SHOOTING_GUARD: 'SHOOTING GUARD'>],27,Team.ORLANDO_MAGIC,14,14,404,84,173,34,75,38,46,2,41,49,12,3,27,31
141,foxde01,De'Aaron Fox,[<Position.POINT_GUARD: 'POINT GUARD'>],22,Team.SACRAMENTO_KINGS,9,9,288,55,128,10,30,44,62,5,31,63,7,5,37,27
142,frazime01,Melvin Frazier,[<Position.SHOOTING_GUARD: 'SHOOTING GUARD'>],23,Team.ORLANDO_MAGIC,2,0,8,1,5,0,1,0,0,1,0,1,0,0,0,0
143,fraziti01,Tim Frazier,[<Position.POINT_GUARD: 'POINT GUARD'>],29,Team.DETROIT_PISTONS,9,4,119,8,37,3,13,9,12,3,6,29,8,1,11,16
144,fultzma01,Markelle Fultz,[<Position.POINT_GUARD: 'POINT GUARD'>],21,Team.ORLANDO_MAGIC,14,9,332,60,125,6,29,23,28,7,22,44,19,2,21,30
145,gabriwe01,Wenyen Gabriel,[<Position.POWER_FORWARD: 'POWER FORWARD'>],22,Team.SACRAMENTO_KINGS,7,0,47,5,16,1,8,5,9,4,4,3,2,2,3,6
146,gaffoda01,Daniel Gafford,[<Position.CENTER: 'CENTER'>],21,Team.CHICAGO_BULLS,7,0,62,14,19,0,0,1,4,8,4,1,0,6,1,12
147,gallida01,Danilo Gallinari,[<Position.POWER_FORWARD: 'POWER FORWARD'>],31,Team.OKLAHOMA_CITY_THUNDER,15,15,448,82,186,40,99,78,84,7,69,25,10,1,20,25
148,gallola01,Langston Galloway,[<Position.SHOOTING_GUARD: 'SHOOTING GUARD'>],28,Team.DETROIT_PISTONS,15,2,400,59,135,37,82,41,44,5,27,24,7,6,13,22
149,garlada01,Darius Garland,[<Position.POINT_GUARD: 'POINT GUARD'>],20,Team.CLEVELAND_CAVALIERS,15,15,420,58,161,21,62,14,18,3,19,50,15,0,35,19
150,gasolma01,Marc Gasol,[<Position.CENTER: 'CENTER'>],35,Team.TORONTO_RAPTORS,14,14,395,30,88,17,41,13,15,11,85,44,5,11,22,44
151,gayru01,Rudy Gay,[<Position.POWER_FORWARD: 'POWER FORWARD'>],33,Team.SAN_ANTONIO_SPURS,16,0,365,72,142,18,53,35,40,25,75,33,5,9,20,21
152,georgpa01,Paul George,[<Position.SMALL_FORWARD: 'SMALL FORWARD'>],29,Team.LOS_ANGELES_CLIPPERS,5,5,143,39,81,19,44,35,38,2,31,26,4,2,23,13
153,gibsota01,Taj Gibson,[<Position.CENTER: 'CENTER'>],34,Team.NEW_YORK_KNICKS,13,7,207,35,62,1,5,9,12,25,32,16,6,1,10,32
154,gilesha01,Harry Giles,[<Position.POWER_FORWARD: 'POWER FORWARD'>],21,Team.SACRAMENTO_KINGS,5,0,38,9,22,0,0,2,2,3,3,4,1,2,3,9
155,gilgesh01,Shai Gilgeous-Alexander,[<Position.SHOOTING_GUARD: 'SHOOTING GUARD'>],21,Team.OKLAHOMA_CITY_THUNDER,15,15,525,111,243,25,62,49,62,14,65,45,13,9,33,23
156,goberru01,Rudy Gobert,[<Position.CENTER: 'CENTER'>],27,Team.UTAH_JAZZ,15,15,523,72,109,0,0,56,87,46,165,16,15,32,36,50
157,gordoaa01,Aaron Gordon,[<Position.POWER_FORWARD: 'POWER FORWARD'>],24,Team.ORLANDO_MAGIC,14,14,426,67,159,15,53,34,47,23,64,40,9,7,19,34
158,gordoer01,Eric Gordon,[<Position.SHOOTING_GUARD: 'SHOOTING GUARD'>],31,Team.HOUSTON_ROCKETS,9,2,265,34,110,21,74,9,14,3,14,7,5,2,12,21
159,grahade01,Devonte' Graham,[<Position.POINT_GUARD: 'POINT GUARD'>],24,Team.CHARLOTTE_HORNETS,16,6,522,94,228,56,137,48,61,14,43,110,12,3,50,26
160,grahatr01,Treveon Graham,[<Position.SHOOTING_GUARD: 'SHOOTING GUARD'>],26,Team.MINNESOTA_TIMBERWOLVES,15,14,381,37,110,9,50,14,18,18,41,21,12,1,10,37
161,grantje01,Jerami Grant,[<Position.POWER_FORWARD: 'POWER FORWARD'>],25,Team.DENVER_NUGGETS,14,0,300,48,112,14,46,14,23,8,40,16,4,8,12,23
162,grayjo01,Josh Gray,[<Position.POINT_GUARD: 'POINT GUARD'>],26,Team.NEW_ORLEANS_PELICANS,2,0,23,1,2,0,0,0,0,1,1,2,0,0,5,1
163,greenda02,Danny Green,[<Position.SHOOTING_GUARD: 'SHOOTING GUARD'>],32,Team.LOS_ANGELES_LAKERS,15,15,384,48,104,32,72,6,9,11,37,19,19,8,15,40
164,greendr01,Draymond Green,[<Position.POWER_FORWARD: 'POWER FORWARD'>],29,Team.GOLDEN_STATE_WARRIORS,10,10,296,33,87,8,30,13,17,6,68,54,12,5,17,24
165,greenja01,JaMychal Green,[<Position.POWER_FORWARD: 'POWER FORWARD'>],29,Team.LOS_ANGELES_CLIPPERS,16,0,355,43,106,26,70,14,17,24,90,6,10,5,17,43
166,greenja02,Javonte Green,[<Position.SMALL_FORWARD: 'SMALL FORWARD'>],26,Team.BOSTON_CELTICS,10,0,71,15,28,2,8,2,5,2,7,3,4,0,1,10
167,greenje02,Jeff Green,[<Position.POWER_FORWARD: 'POWER FORWARD'>],33,Team.UTAH_JAZZ,15,1,280,31,96,18,54,25,34,5,34,8,7,8,18,27
168,griffbl01,Blake Griffin,[<Position.POWER_FORWARD: 'POWER FORWARD'>],30,Team.DETROIT_PISTONS,4,4,116,25,62,5,23,23,27,6,15,16,2,2,14,6
169,gudurma01,Marko Guduric,[<Position.SHOOTING_GUARD: 'SHOOTING GUARD'>],24,Team.MEMPHIS_GRIZZLIES,14,0,241,29,77,10,35,7,7,9,24,24,5,4,16,14
170,hachiru01,Rui Hachimura,[<Position.POWER_FORWARD: 'POWER FORWARD'>],21,Team.WASHINGTON_WIZARDS,13,13,352,77,151,4,21,16,20,25,45,21,10,1,13,27
171,hallde01,Devon Hall,[<Position.SHOOTING_GUARD: 'SHOOTING GUARD'>],24,Team.OKLAHOMA_CITY_THUNDER,1,0,7,1,1,0,0,0,0,0,0,0,0,0,1,1
172,hardati02,Tim Hardaway,[<Position.SHOOTING_GUARD: 'SHOOTING GUARD'>],27,Team.DALLAS_MAVERICKS,15,2,329,57,146,31,87,23,31,3,26,27,2,2,6,30
173,hardeja01,James Harden,[<Position.SHOOTING_GUARD: 'SHOOTING GUARD'>],30,Team.HOUSTON_ROCKETS,16,16,593,168,387,77,219,200,231,14,81,125,27,8,87,51
174,harklma01,Maurice Harkless,[<Position.SMALL_FORWARD: 'SMALL FORWARD'>],26,Team.LOS_ANGELES_CLIPPERS,16,6,363,40,77,7,21,7,12,13,35,19,17,12,18,51
175,harpeja01,Jared Harper,[<Position.POINT_GUARD: 'POINT GUARD'>],22,Team.PHOENIX_SUNS,1,0,2,0,1,0,1,0,0,0,0,0,0,0,0,0
176,harremo01,Montrezl Harrell,[<Position.CENTER: 'CENTER'>],26,Team.LOS_ANGELES_CLIPPERS,16,2,486,121,204,0,5,47,74,44,72,42,15,21,35,38
177,harriga01,Gary Harris,[<Position.SHOOTING_GUARD: 'SHOOTING GUARD'>],25,Team.DENVER_NUGGETS,14,14,448,57,138,19,54,14,19,6,42,24,18,4,15,32
178,harrijo01,Joe Harris,[<Position.SMALL_FORWARD: 'SMALL FORWARD'>],28,Team.BROOKLYN_NETS,15,15,483,76,157,39,87,11,16,15,42,27,11,5,24,40
179,harrito02,Tobias Harris,[<Position.POWER_FORWARD: 'POWER FORWARD'>],27,Team.PHILADELPHIA_76ERS,15,15,515,107,215,19,65,36,47,12,101,54,17,11,31,45
180,harrish01,Shaquille Harrison,[<Position.SMALL_FORWARD: 'SMALL FORWARD'>],26,Team.CHICAGO_BULLS,9,2,73,13,31,1,5,8,12,2,19,11,5,3,2,11
181,hartjo01,Josh Hart,[<Position.SMALL_FORWARD: 'SMALL FORWARD'>],24,Team.NEW_ORLEANS_PELICANS,10,4,277,43,93,22,57,18,22,13,53,14,14,4,14,29
182,harteis01,Isaiah Hartenstein,[<Position.CENTER: 'CENTER'>],21,Team.HOUSTON_ROCKETS,4,0,61,7,8,0,0,7,7,5,12,1,1,3,4,9
183,hasleud01,Udonis Haslem,[<Position.POWER_FORWARD: 'POWER FORWARD'>],39,Team.MIAMI_HEAT,2,0,11,1,1,0,0,3,4,0,3,0,0,0,0,3
184,hayesja02,Jaxson Hayes,[<Position.CENTER: 'CENTER'>],19,Team.NEW_ORLEANS_PELICANS,12,3,209,37,58,0,2,19,31,21,28,6,10,13,9,35
185,haywago01,Gordon Hayward,[<Position.SMALL_FORWARD: 'SMALL FORWARD'>],29,Team.BOSTON_CELTICS,8,8,249,61,110,13,30,16,19,6,51,33,6,2,15,15
186,hensojo01,John Henson,[<Position.POWER_FORWARD: 'POWER FORWARD'>],29,Team.CLEVELAND_CAVALIERS,1,0,8,1,2,0,1,1,6,2,1,0,2,2,1,0
187,hernade01,Dewan Hernandez,[<Position.CENTER: 'CENTER'>],23,Team.TORONTO_RAPTORS,2,0,8,1,2,0,1,0,0,0,4,0,1,0,1,3
188,hernaju01,Juan Hernangómez,[<Position.POWER_FORWARD: 'POWER FORWARD'>],24,Team.DENVER_NUGGETS,7,0,102,11,24,6,15,2,5,4,14,4,0,2,3,3
189,hernawi01,Willy Hernangómez,[<Position.CENTER: 'CENTER'>],25,Team.CHARLOTTE_HORNETS,4,0,38,6,12,1,3,3,6,5,4,2,1,3,3,1
190,herroty01,Tyler Herro,[<Position.SHOOTING_GUARD: 'SHOOTING GUARD'>],20,Team.MIAMI_HEAT,13,3,377,63,141,24,63,27,32,5,50,32,10,1,30,20
191,hezonma01,Mario Hezonja,[<Position.POWER_FORWARD: 'POWER FORWARD'>],24,Team.PORTLAND_TRAIL_BLAZERS,16,4,314,28,79,10,29,17,21,11,70,17,11,2,16,40
192,hieldbu01,Buddy Hield,[<Position.SHOOTING_GUARD: 'SHOOTING GUARD'>],27,Team.SACRAMENTO_KINGS,14,14,446,97,233,49,131,24,27,12,51,29,12,6,41,38
193,hillge01,George Hill,[<Position.POINT_GUARD: 'POINT GUARD'>],33,Team.MILWAUKEE_BUCKS,15,0,343,48,95,21,45,21,26,17,32,46,11,1,10,32
194,hillso01,Solomon Hill,[<Position.SMALL_FORWARD: 'SMALL FORWARD'>],28,Team.MEMPHIS_GRIZZLIES,12,0,214,24,55,12,32,9,14,6,28,19,10,1,9,18
195,hoardja01,Jaylen Hoard,[<Position.SMALL_FORWARD: 'SMALL FORWARD'>],20,Team.PORTLAND_TRAIL_BLAZERS,1,0,0,0,0,0,0,0,0,0,1,0,0,0,0,0
196,holidaa01,Aaron Holiday,[<Position.POINT_GUARD: 'POINT GUARD'>],23,Team.INDIANA_PACERS,12,7,280,44,113,20,47,9,10,7,28,47,12,1,16,24
197,holidjr01,Jrue Holiday,[<Position.SHOOTING_GUARD: 'SHOOTING GUARD'>],29,Team.NEW_ORLEANS_PELICANS,13,13,462,91,217,21,67,31,41,14,51,97,27,9,49,31
198,holidju01,Justin Holiday,[<Position.SHOOTING_GUARD: 'SHOOTING GUARD'>],30,Team.INDIANA_PACERS,14,2,364,36,97,20,63,13,16,7,49,21,10,9,9,31
199,holliro01,Rondae Hollis-Jefferson,[<Position.SMALL_FORWARD: 'SMALL FORWARD'>],25,Team.TORONTO_RAPTORS,7,0,146,27,47,0,1,11,16,19,21,8,7,2,10,19
200,holmeri01,Richaun Holmes,[<Position.CENTER: 'CENTER'>],26,Team.SACRAMENTO_KINGS,14,10,373,67,103,0,0,25,32,37,78,11,9,19,15,58
201,hoodro01,Rodney Hood,[<Position.SMALL_FORWARD: 'SMALL FORWARD'>],27,Team.PORTLAND_TRAIL_BLAZERS,14,14,421,60,119,24,49,16,20,8,41,17,13,4,16,31
202,horfoal01,Al Horford,[<Position.CENTER: 'CENTER'>],33,Team.PHILADELPHIA_76ERS,14,14,441,83,187,19,62,20,31,29,71,58,16,13,17,38
203,houseda01,Danuel House,[<Position.SMALL_FORWARD: 'SMALL FORWARD'>],26,Team.HOUSTON_ROCKETS,12,11,347,43,93,29,65,19,23,12,45,14,15,10,12,24
204,howardw01,Dwight Howard,[<Position.CENTER: 'CENTER'>],34,Team.LOS_ANGELES_LAKERS,15,0,305,42,56,0,0,20,35,34,79,14,6,24,19,60
205,huertke01,Kevin Huerter,[<Position.SHOOTING_GUARD: 'SHOOTING GUARD'>],21,Team.ATLANTA_HAWKS,10,3,225,32,75,17,44,12,15,6,29,28,6,3,17,21
206,huntede01,De'Andre Hunter,[<Position.SMALL_FORWARD: 'SMALL FORWARD'>],22,Team.ATLANTA_HAWKS,15,15,456,62,155,21,60,29,39,8,57,25,11,4,21,36
207,hutchch01,Chandler Hutchison,[<Position.SMALL_FORWARD: 'SMALL FORWARD'>],23,Team.CHICAGO_BULLS,7,5,144,18,42,4,11,18,26,1,29,8,4,2,10,12
208,ibakase01,Serge Ibaka,[<Position.CENTER: 'CENTER'>],30,Team.TORONTO_RAPTORS,8,0,183,44,84,5,16,19,23,7,45,6,5,10,17,19
209,ilyaser01,Ersan İlyasova,[<Position.POWER_FORWARD: 'POWER FORWARD'>],32,Team.MILWAUKEE_BUCKS,14,0,221,28,68,8,37,16,18,15,52,8,6,5,5,27
210,inglejo01,Joe Ingles,[<Position.SMALL_FORWARD: 'SMALL FORWARD'>],32,Team.UTAH_JAZZ,15,1,416,33,97,19,64,14,18,5,58,53,10,2,22,35
211,ingrabr01,Brandon Ingram,[<Position.POWER_FORWARD: 'POWER FORWARD'>],22,Team.NEW_ORLEANS_PELICANS,11,11,356,104,201,27,60,47,63,10,71,45,10,11,35,32
212,irvinky01,Kyrie Irving,[<Position.POINT_GUARD: 'POINT GUARD'>],27,Team.BROOKLYN_NETS,11,11,372,112,252,31,91,59,63,10,49,79,12,6,26,32
213,isaacjo01,Jonathan Isaac,[<Position.SMALL_FORWARD: 'SMALL FORWARD'>],22,Team.ORLANDO_MAGIC,12,12,370,55,114,14,43,25,29,20,65,21,15,34,19,27
214,iwundwe01,Wesley Iwundu,[<Position.SMALL_FORWARD: 'SMALL FORWARD'>],25,Team.ORLANDO_MAGIC,6,0,59,2,13,0,6,11,14,3,11,4,1,1,3,2
215,jacksfr01,Frank Jackson,[<Position.POINT_GUARD: 'POINT GUARD'>],21,Team.NEW_ORLEANS_PELICANS,14,1,243,47,112,18,53,22,28,5,17,19,8,1,17,28
216,jacksja02,Jaren Jackson,[<Position.CENTER: 'CENTER'>],20,Team.MEMPHIS_GRIZZLIES,13,13,338,67,144,21,56,27,34,18,46,16,6,12,26,52
217,jacksju01,Justin Jackson,[<Position.POWER_FORWARD: 'POWER FORWARD'>],24,Team.DALLAS_MAVERICKS,14,0,197,35,71,16,36,9,11,7,27,6,2,2,4,16
218,jacksre01,Reggie Jackson,[<Position.POINT_GUARD: 'POINT GUARD'>],29,Team.DETROIT_PISTONS,2,2,36,4,11,1,5,1,1,1,4,8,0,0,1,2
219,jamesju01,Justin James,[<Position.SHOOTING_GUARD: 'SHOOTING GUARD'>],23,Team.SACRAMENTO_KINGS,5,0,48,10,23,2,7,1,6,0,5,4,2,2,2,1
220,jamesle01,LeBron James,[<Position.POINT_GUARD: 'POINT GUARD'>],35,Team.LOS_ANGELES_LAKERS,15,15,524,141,290,28,81,63,89,15,101,169,19,9,51,22
221,jeffeam01,Amile Jefferson,[<Position.POWER_FORWARD: 'POWER FORWARD'>],26,Team.ORLANDO_MAGIC,2,0,9,3,3,0,0,0,0,2,1,2,0,0,1,0
222,jeffrda01,DaQuan Jeffries,[<Position.SHOOTING_GUARD: 'SHOOTING GUARD'>],22,Team.SACRAMENTO_KINGS,2,0,11,1,1,0,0,0,0,1,0,1,0,0,0,1
223,johnsal02,Alize Johnson,[<Position.SMALL_FORWARD: 'SMALL FORWARD'>],23,Team.INDIANA_PACERS,5,0,32,5,9,0,0,3,4,6,6,2,0,0,1,4
224,johnsca02,Cameron Johnson,[<Position.POWER_FORWARD: 'POWER FORWARD'>],23,Team.PHOENIX_SUNS,12,0,218,38,83,24,56,14,15,10,25,9,6,4,8,23
225,johnsja01,James Johnson,[<Position.POWER_FORWARD: 'POWER FORWARD'>],32,Team.MIAMI_HEAT,5,0,60,8,18,2,9,2,4,2,8,4,3,2,3,4
226,johnske04,Keldon Johnson,[<Position.GUARD: 'GUARD'>],20,Team.SAN_ANTONIO_SPURS,1,0,2,0,1,0,0,0,0,0,0,0,0,0,0,0
227,johnsst04,Stanley Johnson,[<Position.POWER_FORWARD: 'POWER FORWARD'>],23,Team.TORONTO_RAPTORS,5,0,19,3,9,1,4,0,0,2,5,0,1,0,4,6
228,johnsty01,Tyler Johnson,[<Position.SHOOTING_GUARD: 'SHOOTING GUARD'>],27,Team.PHOENIX_SUNS,14,1,278,34,84,14,40,11,14,3,23,31,5,5,15,22
229,jokicni01,Nikola Jokić,[<Position.CENTER: 'CENTER'>],24,Team.DENVER_NUGGETS,14,14,433,97,208,16,65,32,41,28,105,86,17,8,37,48
230,jonesda03,Damian Jones,[<Position.CENTER: 'CENTER'>],24,Team.ATLANTA_HAWKS,14,6,245,38,56,2,4,16,21,22,29,11,8,11,10,41
231,jonesde02,Derrick Jones,[<Position.SMALL_FORWARD: 'SMALL FORWARD'>],22,Team.MIAMI_HEAT,4,0,57,12,20,1,4,3,3,3,5,2,3,0,2,11
232,jonesty01,Tyus Jones,[<Position.POINT_GUARD: 'POINT GUARD'>],23,Team.MEMPHIS_GRIZZLIES,14,1,288,40,100,5,27,13,19,0,20,71,14,0,20,16
233,jordade01,DeAndre Jordan,[<Position.CENTER: 'CENTER'>],31,Team.BROOKLYN_NETS,14,3,303,44,66,0,0,19,31,31,101,30,6,16,14,33
234,josepco01,Cory Joseph,[<Position.POINT_GUARD: 'POINT GUARD'>],28,Team.SACRAMENTO_KINGS,14,5,305,30,85,4,22,12,12,9,26,50,7,9,19,31
235,kabenmf01,Mfiondu Kabengele,[<Position.CENTER: 'CENTER'>],22,Team.LOS_ANGELES_CLIPPERS,4,0,14,4,6,3,5,2,2,0,3,0,0,1,0,3
236,kaminfr01,Frank Kaminsky,[<Position.CENTER: 'CENTER'>],26,Team.PHOENIX_SUNS,14,2,336,50,120,15,52,38,54,12,67,28,3,5,19,27
237,kanteen01,Enes Kanter,[<Position.CENTER: 'CENTER'>],27,Team.BOSTON_CELTICS,8,2,121,21,35,0,1,13,21,17,28,7,4,4,7,10
238,kennalu01,Luke Kennard,[<Position.SHOOTING_GUARD: 'SHOOTING GUARD'>],23,Team.DETROIT_PISTONS,15,12,511,84,194,40,104,47,53,4,51,68,8,2,22,34
239,kiddst01,Stanton Kidd,[<Position.SMALL_FORWARD: 'SMALL FORWARD'>],27,Team.UTAH_JAZZ,4,0,15,0,3,0,1,0,0,0,3,1,0,0,2,3
240,kiddgmi01,Michael Kidd-Gilchrist,[<Position.POWER_FORWARD: 'POWER FORWARD'>],26,Team.CHARLOTTE_HORNETS,2,0,18,2,10,1,3,2,2,1,5,1,0,0,1,3
241,klebima01,Maxi Kleber,[<Position.CENTER: 'CENTER'>],28,Team.DALLAS_MAVERICKS,14,5,366,41,97,22,61,13,15,21,63,16,4,12,9,27
242,knighbr03,Brandon Knight,[<Position.POINT_GUARD: 'POINT GUARD'>],28,Team.CLEVELAND_CAVALIERS,6,0,76,11,32,9,26,2,4,1,6,12,2,0,6,8
243,knoxke01,Kevin Knox,[<Position.SMALL_FORWARD: 'SMALL FORWARD'>],20,Team.NEW_YORK_KNICKS,15,0,319,42,106,22,55,24,38,9,37,22,9,3,11,25
244,konchjo01,John Konchar,[<Position.SHOOTING_GUARD: 'SHOOTING GUARD'>],23,Team.MEMPHIS_GRIZZLIES,1,0,7,0,0,0,0,0,0,0,0,0,0,0,0,0
245,korkmfu01,Furkan Korkmaz,[<Position.SHOOTING_GUARD: 'SHOOTING GUARD'>],22,Team.PHILADELPHIA_76ERS,15,5,345,51,115,28,72,12,15,3,30,12,4,5,11,26
246,kornelu01,Luke Kornet,[<Position.CENTER: 'CENTER'>],24,Team.CHICAGO_BULLS,10,0,116,15,43,5,23,5,5,5,14,6,1,7,3,10
247,korveky01,Kyle Korver,[<Position.SMALL_FORWARD: 'SMALL FORWARD'>],38,Team.MILWAUKEE_BUCKS,12,0,184,26,65,21,52,6,8,5,14,1,3,4,10,11
248,kurucro01,Rodions Kurucs,[<Position.POWER_FORWARD: 'POWER FORWARD'>],21,Team.BROOKLYN_NETS,9,0,98,8,20,3,5,2,6,5,17,1,4,0,11,16
249,kuzmaky01,Kyle Kuzma,[<Position.POWER_FORWARD: 'POWER FORWARD'>],24,Team.LOS_ANGELES_LAKERS,11,1,248,53,114,20,61,15,20,6,35,6,1,4,18,21
250,labissk01,Skal Labissière,[<Position.CENTER: 'CENTER'>],23,Team.PORTLAND_TRAIL_BLAZERS,16,0,258,43,78,2,6,13,20,34,45,18,4,19,19,43
251,lambje01,Jeremy Lamb,[<Position.SHOOTING_GUARD: 'SHOOTING GUARD'>],27,Team.INDIANA_PACERS,5,5,165,31,68,6,21,17,20,5,27,11,7,4,6,14
252,langfro01,Romeo Langford,[<Position.SHOOTING_GUARD: 'SHOOTING GUARD'>],20,Team.BOSTON_CELTICS,1,0,0,0,0,0,0,0,0,0,0,0,0,0,0,0
253,lavinza01,Zach LaVine,[<Position.SHOOTING_GUARD: 'SHOOTING GUARD'>],24,Team.CHICAGO_BULLS,16,16,503,112,273,36,105,52,64,15,51,64,19,7,53,39
254,laymaja01,Jake Layman,[<Position.POWER_FORWARD: 'POWER FORWARD'>],25,Team.MINNESOTA_TIMBERWOLVES,14,2,369,61,132,19,54,6,10,12,29,11,12,10,18,31
255,leaftj01,T.J. Leaf,[<Position.POWER_FORWARD: 'POWER FORWARD'>],22,Team.INDIANA_PACERS,12,1,146,22,51,3,8,5,8,17,34,6,6,3,5,13
256,leeco01,Courtney Lee,[<Position.SHOOTING_GUARD: 'SHOOTING GUARD'>],34,Team.DALLAS_MAVERICKS,5,3,47,10,17,4,7,0,0,0,2,3,0,2,0,5
257,leeda03,Damion Lee,[<Position.SHOOTING_GUARD: 'SHOOTING GUARD'>],27,Team.GOLDEN_STATE_WARRIORS,11,0,241,35,91,12,35,28,33,9,34,20,8,0,13,18
258,lenal01,Alex Len,[<Position.CENTER: 'CENTER'>],26,Team.ATLANTA_HAWKS,15,9,261,34,80,4,25,22,34,21,49,13,4,16,16,32
259,leonaka01,Kawhi Leonard,[<Position.SMALL_FORWARD: 'SMALL FORWARD'>],28,Team.LOS_ANGELES_CLIPPERS,11,11,358,101,229,19,64,61,74,12,80,60,25,11,44,29
260,leoname01,Meyers Leonard,[<Position.POWER_FORWARD: 'POWER FORWARD'>],27,Team.MIAMI_HEAT,14,14,279,40,64,14,23,4,7,4,56,13,5,7,14,30
261,leverca01,Caris LeVert,[<Position.SHOOTING_GUARD: 'SHOOTING GUARD'>],25,Team.BROOKLYN_NETS,9,9,284,59,140,13,36,20,31,10,35,36,6,1,31,20
262,lillada01,Damian Lillard,[<Position.POINT_GUARD: 'POINT GUARD'>],29,Team.PORTLAND_TRAIL_BLAZERS,14,14,536,126,279,46,129,103,111,7,62,100,16,8,40,32
263,littlna01,Nassir Little,[<Position.POWER_FORWARD: 'POWER FORWARD'>],19,Team.PORTLAND_TRAIL_BLAZERS,9,3,156,20,48,5,19,10,16,12,25,4,4,3,5,24
264,looneke01,Kevon Looney,[<Position.CENTER: 'CENTER'>],23,Team.GOLDEN_STATE_WARRIORS,1,1,10,1,4,1,1,0,0,5,4,1,0,0,1,3
265,lopezbr01,Brook Lopez,[<Position.CENTER: 'CENTER'>],31,Team.MILWAUKEE_BUCKS,15,15,406,58,138,23,77,33,36,11,61,22,12,36,17,37
266,lopezro01,Robin Lopez,[<Position.CENTER: 'CENTER'>],31,Team.MILWAUKEE_BUCKS,15,0,213,28,60,6,25,7,13,13,28,8,3,7,17,24
267,loveke01,Kevin Love,[<Position.POWER_FORWARD: 'POWER FORWARD'>],31,Team.CLEVELAND_CAVALIERS,14,14,450,74,166,30,84,73,82,16,149,38,11,6,42,22
268,lowryky01,Kyle Lowry,[<Position.POINT_GUARD: 'POINT GUARD'>],33,Team.TORONTO_RAPTORS,8,8,289,54,113,29,68,37,42,2,32,52,9,3,27,23
269,luwawti01,Timothé Luwawu-Cabarrot,[<Position.SHOOTING_GUARD: 'SHOOTING GUARD'>],24,Team.BROOKLYN_NETS,1,0,5,0,2,0,1,1,2,0,0,0,0,0,0,0
270,lylestr01,Trey Lyles,[<Position.POWER_FORWARD: 'POWER FORWARD'>],24,Team.SAN_ANTONIO_SPURS,16,14,291,24,54,10,28,4,7,25,84,19,3,4,13,19
271,maconda01,Daryl Macon,[<Position.SHOOTING_GUARD: 'SHOOTING GUARD'>],24,Team.MIAMI_HEAT,3,0,13,1,3,1,2,0,0,0,0,1,0,0,2,1
272,magetjo01,Josh Magette,[<Position.POINT_GUARD: 'POINT GUARD'>],30,Team.ORLANDO_MAGIC,2,0,8,2,5,0,0,0,0,1,1,2,2,0,0,0
273,makerth01,Thon Maker,[<Position.CENTER: 'CENTER'>],22,Team.DETROIT_PISTONS,15,0,195,17,33,5,11,13,26,9,21,9,6,12,9,25
274,mannte01,Terance Mann,[<Position.SHOOTING_GUARD: 'SHOOTING GUARD'>],23,Team.LOS_ANGELES_CLIPPERS,11,3,96,11,23,1,5,4,5,1,15,17,2,0,7,11
275,marjabo01,Boban Marjanović,[<Position.CENTER: 'CENTER'>],31,Team.DALLAS_MAVERICKS,7,1,96,23,44,0,1,8,10,12,25,5,2,1,7,12
276,markkla01,Lauri Markkanen,[<Position.POWER_FORWARD: 'POWER FORWARD'>],22,Team.CHICAGO_BULLS,16,16,480,69,189,25,90,68,84,16,105,25,15,9,33,33
277,martica02,Caleb Martin,[<Position.SMALL_FORWARD: 'SMALL FORWARD'>],24,Team.CHARLOTTE_HORNETS,3,0,25,2,9,0,3,1,3,0,4,3,1,2,3,2
278,martico01,Cody Martin,[<Position.SMALL_FORWARD: 'SMALL FORWARD'>],24,Team.CHARLOTTE_HORNETS,13,0,173,13,37,1,17,15,21,7,27,17,12,1,5,17
279,martike03,Kelan Martin,[<Position.SMALL_FORWARD: 'SMALL FORWARD'>],24,Team.MINNESOTA_TIMBERWOLVES,5,0,84,14,33,4,19,0,0,2,14,0,0,1,2,13
280,mathega01,Garrison Mathews,[<Position.SHOOTING_GUARD: 'SHOOTING GUARD'>],23,Team.WASHINGTON_WIZARDS,2,0,14,0,2,0,2,0,0,0,1,2,0,0,1,3
281,matthwe02,Wesley Matthews,[<Position.SHOOTING_GUARD: 'SHOOTING GUARD'>],33,Team.MILWAUKEE_BUCKS,15,15,364,36,87,22,61,12,16,2,32,16,11,1,9,16
282,mccawpa01,Patrick McCaw,[<Position.SMALL_FORWARD: 'SMALL FORWARD'>],24,Team.TORONTO_RAPTORS,2,0,40,3,5,1,3,1,2,2,4,3,3,0,3,3
283,mccolcj01,CJ McCollum,[<Position.SHOOTING_GUARD: 'SHOOTING GUARD'>],28,Team.PORTLAND_TRAIL_BLAZERS,16,16,599,145,336,40,107,27,35,16,58,62,14,11,36,47
284,mccontj01,T.J. McConnell,[<Position.POINT_GUARD: 'POINT GUARD'>],27,Team.INDIANA_PACERS,12,0,210,37,73,0,1,6,7,6,27,56,6,3,17,16
285,mcdanja01,Jalen McDaniels,[<Position.POWER_FORWARD: 'POWER FORWARD'>],22,Team.CHARLOTTE_HORNETS,1,0,3,1,2,0,0,0,0,1,0,0,0,0,0,0
286,mcderdo01,Doug McDermott,[<Position.POWER_FORWARD: 'POWER FORWARD'>],28,Team.INDIANA_PACERS,14,0,306,47,114,24,56,8,10,6,37,18,2,2,15,28
287,mcgeeja01,JaVale McGee,[<Position.CENTER: 'CENTER'>],32,Team.LOS_ANGELES_LAKERS,15,15,251,49,81,0,0,8,15,33,58,13,9,20,13,31
288,mcgruro01,Rodney McGruder,[<Position.SHOOTING_GUARD: 'SHOOTING GUARD'>],28,Team.LOS_ANGELES_CLIPPERS,12,1,198,14,43,9,27,3,8,7,14,6,1,3,6,24
289,mckinal01,Alfonzo McKinnie,[<Position.SMALL_FORWARD: 'SMALL FORWARD'>],27,Team.CLEVELAND_CAVALIERS,9,0,95,7,19,5,11,5,7,4,15,3,4,2,4,13
290,mclaujo01,Jordan McLaughlin,[<Position.POINT_GUARD: 'POINT GUARD'>],23,Team.MINNESOTA_TIMBERWOLVES,4,0,57,4,15,1,8,2,2,1,6,8,1,0,4,4
291,mclembe01,Ben McLemore,[<Position.SHOOTING_GUARD: 'SHOOTING GUARD'>],26,Team.HOUSTON_ROCKETS,16,4,322,38,108,29,92,17,21,7,19,14,11,2,10,27
292,mcraejo01,Jordan McRae,[<Position.SHOOTING_GUARD: 'SHOOTING GUARD'>],28,Team.WASHINGTON_WIZARDS,7,0,97,15,31,3,8,8,9,1,15,16,2,4,5,12
293,mellini01,Nicolò Melli,[<Position.CENTER: 'CENTER'>],29,Team.NEW_ORLEANS_PELICANS,13,3,221,30,64,16,42,16,20,11,30,21,9,2,12,27
294,meltode01,De'Anthony Melton,[<Position.POINT_GUARD: 'POINT GUARD'>],21,Team.MEMPHIS_GRIZZLIES,6,0,51,8,21,3,8,2,4,1,7,7,6,1,5,3
295,metuch01,Chimezie Metu,[<Position.POWER_FORWARD: 'POWER FORWARD'>],22,Team.SAN_ANTONIO_SPURS,5,0,20,7,12,0,0,1,2,7,3,2,0,2,0,0
296,middlkh01,Khris Middleton,[<Position.SMALL_FORWARD: 'SMALL FORWARD'>],28,Team.MILWAUKEE_BUCKS,10,10,308,65,139,24,61,31,35,7,50,29,8,1,23,30
297,milescj01,C.J. Miles,[<Position.SHOOTING_GUARD: 'SHOOTING GUARD'>],32,Team.WASHINGTON_WIZARDS,8,0,135,17,50,11,30,11,13,3,7,10,8,4,3,11
298,millema01,Malcolm Miller,[<Position.SMALL_FORWARD: 'SMALL FORWARD'>],26,Team.TORONTO_RAPTORS,5,1,25,2,4,1,3,0,0,0,5,1,0,0,1,3
299,millspa02,Patty Mills,[<Position.POINT_GUARD: 'POINT GUARD'>],31,Team.SAN_ANTONIO_SPURS,16,1,352,66,139,32,76,22,28,4,19,34,15,2,20,27
300,millspa01,Paul Millsap,[<Position.POWER_FORWARD: 'POWER FORWARD'>],34,Team.DENVER_NUGGETS,14,14,376,65,132,18,35,46,53,30,59,20,14,11,16,40
301,miltosh01,Shake Milton,[<Position.SHOOTING_GUARD: 'SHOOTING GUARD'>],23,Team.PHILADELPHIA_76ERS,7,0,62,10,26,4,15,4,5,1,6,4,1,0,9,10
302,mitchdo01,Donovan Mitchell,[<Position.SHOOTING_GUARD: 'SHOOTING GUARD'>],23,Team.UTAH_JAZZ,15,15,524,139,307,31,82,69,85,19,65,58,20,4,32,38
303,mitrona01,Naz Mitrou-Long,[<Position.SHOOTING_GUARD: 'SHOOTING GUARD'>],26,Team.INDIANA_PACERS,3,0,43,6,16,2,11,0,0,0,6,7,1,1,2,1
304,monkma01,Malik Monk,[<Position.SHOOTING_GUARD: 'SHOOTING GUARD'>],21,Team.CHARLOTTE_HORNETS,16,0,343,67,139,19,61,18,23,5,41,38,6,4,27,29
305,mooreet01,E'Twaun Moore,[<Position.SHOOTING_GUARD: 'SHOOTING GUARD'>],30,Team.NEW_ORLEANS_PELICANS,10,3,224,44,103,14,37,10,16,12,21,16,5,0,6,18
306,moranja01,Ja Morant,[<Position.POINT_GUARD: 'POINT GUARD'>],20,Team.MEMPHIS_GRIZZLIES,13,13,361,91,198,12,29,47,63,12,29,78,11,3,49,24
307,morrima03,Marcus Morris,[<Position.SMALL_FORWARD: 'SMALL FORWARD'>],30,Team.NEW_YORK_KNICKS,15,15,512,89,219,39,84,65,77,17,79,23,16,11,30,48
308,morrima02,Markieff Morris,[<Position.POWER_FORWARD: 'POWER FORWARD'>],30,Team.DETROIT_PISTONS,15,11,351,61,130,25,59,22,30,7,50,25,11,1,30,37
309,morrimo01,Monte Morris,[<Position.POINT_GUARD: 'POINT GUARD'>],24,Team.DENVER_NUGGETS,14,0,241,38,94,6,15,11,15,4,20,47,6,2,9,8
310,motlejo01,Johnathan Motley,[<Position.POWER_FORWARD: 'POWER FORWARD'>],24,Team.LOS_ANGELES_CLIPPERS,2,0,4,1,3,1,1,0,0,1,1,2,0,0,2,1
311,mudiaem01,Emmanuel Mudiay,[<Position.POINT_GUARD: 'POINT GUARD'>],23,Team.UTAH_JAZZ,12,0,201,42,83,5,18,15,18,4,26,28,6,4,25,19
312,murrade01,Dejounte Murray,[<Position.POINT_GUARD: 'POINT GUARD'>],23,Team.SAN_ANTONIO_SPURS,14,13,316,59,122,3,16,30,39,18,72,62,22,5,34,34
313,murraja01,Jamal Murray,[<Position.POINT_GUARD: 'POINT GUARD'>],22,Team.DENVER_NUGGETS,14,14,468,98,226,27,74,39,44,12,52,72,22,5,36,30
314,musadz01,Džanan Musa,[<Position.SMALL_FORWARD: 'SMALL FORWARD'>],20,Team.BROOKLYN_NETS,10,0,151,17,50,4,25,17,20,6,25,10,5,0,12,8
315,muscami01,Mike Muscala,[<Position.CENTER: 'CENTER'>],28,Team.OKLAHOMA_CITY_THUNDER,12,0,146,14,50,9,38,5,6,5,25,14,3,3,5,19
316,mykhasv01,Sviatoslav Mykhailiuk,[<Position.SMALL_FORWARD: 'SMALL FORWARD'>],22,Team.DETROIT_PISTONS,10,0,152,13,31,11,22,2,2,1,9,13,2,1,11,10
317,naderab01,Abdel Nader,[<Position.SMALL_FORWARD: 'SMALL FORWARD'>],26,Team.OKLAHOMA_CITY_THUNDER,8,0,103,11,30,5,16,7,9,3,12,3,2,3,11,9
318,nancela02,Larry Nance,[<Position.CENTER: 'CENTER'>],27,Team.CLEVELAND_CAVALIERS,13,1,323,48,91,14,36,18,23,23,63,14,16,5,11,24
319,napiesh01,Shabazz Napier,[<Position.POINT_GUARD: 'POINT GUARD'>],28,Team.MINNESOTA_TIMBERWOLVES,6,0,133,13,43,7,31,14,16,1,14,27,9,3,12,4
320,netora01,Raul Neto,[<Position.POINT_GUARD: 'POINT GUARD'>],27,Team.PHILADELPHIA_76ERS,12,2,156,23,44,6,12,2,2,1,13,22,6,2,13,7
321,niangge01,Georges Niang,[<Position.POWER_FORWARD: 'POWER FORWARD'>],26,Team.UTAH_JAZZ,10,0,87,9,20,4,13,6,8,0,10,4,0,0,4,15
322,noelne01,Nerlens Noel,[<Position.CENTER: 'CENTER'>],25,Team.OKLAHOMA_CITY_THUNDER,14,3,256,41,64,0,0,22,27,17,49,24,16,22,18,41
323,norveza01,Zach Norvell,[<Position.SHOOTING_GUARD: 'SHOOTING GUARD'>],22,Team.LOS_ANGELES_LAKERS,2,0,5,0,1,0,0,0,0,0,1,0,0,0,0,0
324,nowelja01,Jaylen Nowell,[<Position.SHOOTING_GUARD: 'SHOOTING GUARD'>],20,Team.MINNESOTA_TIMBERWOLVES,1,0,1,0,0,0,0,0,0,0,0,0,0,0,0,0
325,ntilila01,Frank Ntilikina,[<Position.POINT_GUARD: 'POINT GUARD'>],21,Team.NEW_YORK_KNICKS,14,10,363,32,80,11,32,10,14,7,26,43,20,10,17,38
326,nunnke01,Kendrick Nunn,[<Position.SHOOTING_GUARD: 'SHOOTING GUARD'>],24,Team.MIAMI_HEAT,14,14,420,98,201,32,83,18,22,2,33,46,20,3,34,38
327,nwabada01,David Nwaba,[<Position.SMALL_FORWARD: 'SMALL FORWARD'>],27,Team.BROOKLYN_NETS,10,0,99,6,10,1,3,6,10,3,18,3,2,6,5,13
328,onealro01,Royce O'Neale,[<Position.POWER_FORWARD: 'POWER FORWARD'>],26,Team.UTAH_JAZZ,15,14,429,32,62,17,34,8,10,1,70,36,12,4,14,42
329,oquinky01,Kyle O'Quinn,[<Position.CENTER: 'CENTER'>],29,Team.PHILADELPHIA_76ERS,12,0,110,17,32,5,12,2,6,13,27,15,2,7,11,16
330,ojelese01,Semi Ojeleye,[<Position.POWER_FORWARD: 'POWER FORWARD'>],25,Team.BOSTON_CELTICS,15,0,164,11,27,5,14,3,5,3,18,4,5,0,3,13
331,okafoja01,Jahlil Okafor,[<Position.CENTER: 'CENTER'>],24,Team.NEW_ORLEANS_PELICANS,9,5,159,35,54,0,0,19,28,16,28,11,4,10,15,25
332,okoboel01,Elie Okobo,[<Position.POINT_GUARD: 'POINT GUARD'>],22,Team.PHOENIX_SUNS,9,0,66,8,21,3,10,7,13,0,4,22,2,0,3,5
333,okogijo01,Josh Okogie,[<Position.SHOOTING_GUARD: 'SHOOTING GUARD'>],21,Team.MINNESOTA_TIMBERWOLVES,14,2,348,39,92,7,33,36,50,22,53,27,18,6,22,32
334,okpalkz01,KZ Okpala,[<Position.SMALL_FORWARD: 'SMALL FORWARD'>],20,Team.MIAMI_HEAT,2,0,3,0,0,0,0,0,0,0,1,0,0,0,1,0
335,olynyke01,Kelly Olynyk,[<Position.CENTER: 'CENTER'>],28,Team.MIAMI_HEAT,14,0,314,37,92,23,59,15,18,11,56,23,16,7,18,42
336,onimi01,Miye Oni,[<Position.SHOOTING_GUARD: 'SHOOTING GUARD'>],22,Team.UTAH_JAZZ,1,0,2,0,0,0,0,0,0,0,0,0,0,0,0,0
337,osmande01,Cedi Osman,[<Position.SMALL_FORWARD: 'SMALL FORWARD'>],24,Team.CLEVELAND_CAVALIERS,15,15,439,49,119,24,62,9,16,7,45,30,15,3,19,37
338,oubreke01,Kelly Oubre,[<Position.SMALL_FORWARD: 'SMALL FORWARD'>],24,Team.PHOENIX_SUNS,14,14,433,85,182,19,58,57,70,20,60,25,17,9,23,43
339,parkeja01,Jabari Parker,[<Position.POWER_FORWARD: 'POWER FORWARD'>],24,Team.ATLANTA_HAWKS,15,10,409,103,198,17,59,29,40,28,62,25,20,8,28,50
340,parsoch01,Chandler Parsons,[<Position.SMALL_FORWARD: 'SMALL FORWARD'>],31,Team.ATLANTA_HAWKS,2,0,19,3,7,2,5,0,0,1,2,0,3,0,1,1
341,pascher01,Eric Paschall,[<Position.POWER_FORWARD: 'POWER FORWARD'>],23,Team.GOLDEN_STATE_WARRIORS,16,10,499,100,202,10,43,58,72,20,61,25,7,6,22,33
342,pattepa01,Patrick Patterson,[<Position.POWER_FORWARD: 'POWER FORWARD'>],30,Team.LOS_ANGELES_CLIPPERS,14,11,230,22,62,18,47,2,4,11,33,13,2,2,6,13
343,pattoju01,Justin Patton,[<Position.CENTER: 'CENTER'>],22,Team.OKLAHOMA_CITY_THUNDER,1,0,6,0,2,0,1,0,0,0,2,0,0,0,1,3
344,paulch01,Chris Paul,[<Position.POINT_GUARD: 'POINT GUARD'>],34,Team.OKLAHOMA_CITY_THUNDER,15,15,458,72,161,25,62,70,80,4,57,86,29,0,32,37
345,paytoel01,Elfrid Payton,[<Position.POINT_GUARD: 'POINT GUARD'>],25,Team.NEW_YORK_KNICKS,4,3,102,11,29,5,8,5,6,3,9,15,10,0,7,8
346,pinsoth01,Theo Pinson,[<Position.SHOOTING_GUARD: 'SHOOTING GUARD'>],24,Team.BROOKLYN_NETS,6,0,85,12,39,5,18,5,6,0,8,11,5,0,7,7
347,plumlma01,Mason Plumlee,[<Position.CENTER: 'CENTER'>],29,Team.DENVER_NUGGETS,14,0,228,33,61,0,2,18,32,23,50,31,8,11,17,38
348,poirivi01,Vincent Poirier,[<Position.CENTER: 'CENTER'>],26,Team.BOSTON_CELTICS,5,0,29,3,8,0,0,1,2,5,3,3,1,2,3,6
349,poeltja01,Jakob Pöltl,[<Position.CENTER: 'CENTER'>],24,Team.SAN_ANTONIO_SPURS,16,2,265,37,68,0,0,13,25,36,48,25,9,12,16,31
350,poolejo01,Jordan Poole,[<Position.SHOOTING_GUARD: 'SHOOTING GUARD'>],20,Team.GOLDEN_STATE_WARRIORS,17,9,449,49,181,22,93,30,33,3,39,39,11,4,24,40
351,porteke02,Kevin Porter,[<Position.SMALL_FORWARD: 'SMALL FORWARD'>],19,Team.CLEVELAND_CAVALIERS,14,1,285,37,93,8,33,18,23,5,33,22,11,4,17,37
352,portemi01,Michael Porter,[<Position.POWER_FORWARD: 'POWER FORWARD'>],21,Team.DENVER_NUGGETS,9,0,82,14,32,2,9,5,8,8,15,3,0,3,6,12
353,porteot01,Otto Porter,[<Position.SMALL_FORWARD: 'SMALL FORWARD'>],26,Team.CHICAGO_BULLS,9,9,226,35,84,16,40,15,20,8,23,14,9,3,7,20
354,portibo01,Bobby Portis,[<Position.CENTER: 'CENTER'>],24,Team.NEW_YORK_KNICKS,15,2,348,56,141,15,39,12,16,30,71,18,11,5,13,27
355,porzikr01,Kristaps Porziņģis,[<Position.POWER_FORWARD: 'POWER FORWARD'>],24,Team.DALLAS_MAVERICKS,14,14,435,92,226,32,87,38,53,22,102,21,4,32,24,42
356,poweldw01,Dwight Powell,[<Position.CENTER: 'CENTER'>],28,Team.DALLAS_MAVERICKS,12,9,304,39,61,2,6,13,22,22,30,16,6,4,13,32
357,powelno01,Norman Powell,[<Position.SHOOTING_GUARD: 'SHOOTING GUARD'>],26,Team.TORONTO_RAPTORS,14,6,379,57,126,20,61,25,31,6,50,23,10,5,19,24
358,randlju01,Julius Randle,[<Position.POWER_FORWARD: 'POWER FORWARD'>],25,Team.NEW_YORK_KNICKS,15,15,500,94,212,14,54,46,74,40,98,57,14,3,53,48
359,reddica01,Cam Reddish,[<Position.SMALL_FORWARD: 'SMALL FORWARD'>],20,Team.ATLANTA_HAWKS,14,12,344,36,121,12,51,22,28,9,44,24,15,5,29,28
360,redicjj01,J.J. Redick,[<Position.SHOOTING_GUARD: 'SHOOTING GUARD'>],35,Team.NEW_ORLEANS_PELICANS,14,10,389,66,146,48,101,30,36,3,32,24,5,5,23,21
361,richajo01,Josh Richardson,[<Position.SHOOTING_GUARD: 'SHOOTING GUARD'>],26,Team.PHILADELPHIA_76ERS,13,13,433,69,164,20,64,34,40,9,39,50,17,8,35,41
362,riverau01,Austin Rivers,[<Position.SHOOTING_GUARD: 'SHOOTING GUARD'>],27,Team.HOUSTON_ROCKETS,16,1,381,47,115,20,66,13,19,10,31,19,8,2,10,25
363,robindu01,Duncan Robinson,[<Position.SMALL_FORWARD: 'SMALL FORWARD'>],25,Team.MIAMI_HEAT,14,9,349,54,115,39,92,6,6,2,32,10,8,6,9,29
364,robingl02,Glenn Robinson,[<Position.SMALL_FORWARD: 'SMALL FORWARD'>],26,Team.GOLDEN_STATE_WARRIORS,17,17,534,77,161,20,51,17,19,31,56,33,16,2,16,28
365,robinje01,Jerome Robinson,[<Position.SHOOTING_GUARD: 'SHOOTING GUARD'>],22,Team.LOS_ANGELES_CLIPPERS,11,0,113,15,35,8,16,0,0,0,10,9,4,5,9,13
366,robinju01,Justin Robinson,[<Position.POINT_GUARD: 'POINT GUARD'>],22,Team.WASHINGTON_WIZARDS,3,0,12,2,5,1,1,0,0,1,2,2,0,0,2,0
367,robinmi01,Mitchell Robinson,[<Position.CENTER: 'CENTER'>],21,Team.NEW_YORK_KNICKS,11,6,202,46,64,0,0,19,26,34,38,5,6,22,8,37
368,rondora01,Rajon Rondo,[<Position.POINT_GUARD: 'POINT GUARD'>],33,Team.LOS_ANGELES_LAKERS,5,0,102,13,34,6,15,4,5,1,13,28,4,0,9,7
369,rosede01,Derrick Rose,[<Position.POINT_GUARD: 'POINT GUARD'>],31,Team.DETROIT_PISTONS,10,1,238,68,126,6,14,34,38,4,14,50,10,5,33,12
370,rosste01,Terrence Ross,[<Position.SHOOTING_GUARD: 'SHOOTING GUARD'>],28,Team.ORLANDO_MAGIC,12,0,279,45,124,20,77,22,24,5,31,13,12,3,16,21
371,roziete01,Terry Rozier,[<Position.POINT_GUARD: 'POINT GUARD'>],25,Team.CHARLOTTE_HORNETS,16,16,511,96,231,34,99,41,48,11,52,70,19,3,49,37
372,rubiori01,Ricky Rubio,[<Position.POINT_GUARD: 'POINT GUARD'>],29,Team.PHOENIX_SUNS,11,11,339,47,122,12,35,31,36,6,58,89,15,0,23,29
373,russeda01,D'Angelo Russell,[<Position.SHOOTING_GUARD: 'SHOOTING GUARD'>],23,Team.GOLDEN_STATE_WARRIORS,10,10,315,85,187,28,79,45,59,2,34,67,8,5,34,18
374,sabondo01,Domantas Sabonis,[<Position.CENTER: 'CENTER'>],23,Team.INDIANA_PACERS,12,12,409,89,182,5,16,40,48,47,118,43,7,9,31,44
375,sampsja02,JaKarr Sampson,[<Position.SMALL_FORWARD: 'SMALL FORWARD'>],26,Team.INDIANA_PACERS,9,7,166,23,41,2,10,2,7,7,17,4,5,6,6,23
376,saricda01,Dario Šarić,[<Position.POWER_FORWARD: 'POWER FORWARD'>],25,Team.PHOENIX_SUNS,14,14,374,51,123,23,61,15,19,20,64,28,15,4,22,29
377,satorto01,Tomáš Satoranský,[<Position.POINT_GUARD: 'POINT GUARD'>],28,Team.CHICAGO_BULLS,16,16,405,50,111,19,42,16,18,11,38,77,23,2,34,36
378,schofad01,Admiral Schofield,[<Position.SMALL_FORWARD: 'SMALL FORWARD'>],22,Team.WASHINGTON_WIZARDS,5,0,51,7,10,4,7,4,4,2,6,1,0,0,0,3
379,schrode01,Dennis Schröder,[<Position.POINT_GUARD: 'POINT GUARD'>],26,Team.OKLAHOMA_CITY_THUNDER,15,0,431,85,196,17,65,33,43,7,59,60,13,4,44,40
380,scottmi01,Mike Scott,[<Position.POWER_FORWARD: 'POWER FORWARD'>],31,Team.PHILADELPHIA_76ERS,15,0,277,37,79,17,45,5,5,11,44,10,3,1,7,28
381,sefolth01,Thabo Sefolosha,[<Position.POWER_FORWARD: 'POWER FORWARD'>],35,Team.HOUSTON_ROCKETS,13,0,151,11,37,7,23,0,0,10,25,14,6,4,4,15
382,sextoco01,Collin Sexton,[<Position.SHOOTING_GUARD: 'SHOOTING GUARD'>],21,Team.CLEVELAND_CAVALIERS,15,15,452,101,232,21,62,43,54,12,34,33,10,1,25,34
383,shamela01,Landry Shamet,[<Position.SHOOTING_GUARD: 'SHOOTING GUARD'>],22,Team.LOS_ANGELES_CLIPPERS,10,10,294,30,77,21,58,10,10,0,15,17,4,1,12,31
384,shumpim01,Iman Shumpert,[<Position.SHOOTING_GUARD: 'SHOOTING GUARD'>],29,Team.BROOKLYN_NETS,4,0,74,8,23,3,15,1,3,3,10,1,3,0,5,7
385,siakapa01,Pascal Siakam,[<Position.POWER_FORWARD: 'POWER FORWARD'>],25,Team.TORONTO_RAPTORS,14,14,514,133,286,31,87,55,67,23,100,58,11,9,42,46
386,silvach01,Chris Silva,[<Position.POWER_FORWARD: 'POWER FORWARD'>],23,Team.MIAMI_HEAT,14,0,127,18,28,0,1,11,16,28,27,8,3,11,20,36
387,simmobe01,Ben Simmons,[<Position.POINT_GUARD: 'POINT GUARD'>],23,Team.PHILADELPHIA_76ERS,13,13,438,76,135,1,1,26,46,18,65,104,28,9,46,45
388,simonan01,Anfernee Simons,[<Position.SHOOTING_GUARD: 'SHOOTING GUARD'>],20,Team.PORTLAND_TRAIL_BLAZERS,16,1,352,64,150,26,73,23,30,4,25,23,9,2,15,30
389,smartma01,Marcus Smart,[<Position.SHOOTING_GUARD: 'SHOOTING GUARD'>],25,Team.BOSTON_CELTICS,15,10,482,64,168,37,107,19,22,12,41,75,20,7,16,33
390,smithde03,Dennis Smith,[<Position.POINT_GUARD: 'POINT GUARD'>],22,Team.NEW_YORK_KNICKS,8,0,115,15,44,4,12,5,7,4,5,16,3,1,11,19
391,smithis01,Ish Smith,[<Position.POINT_GUARD: 'POINT GUARD'>],31,Team.WASHINGTON_WIZARDS,13,5,318,43,99,9,26,5,10,10,31,55,8,7,14,23
392,snellto01,Tony Snell,[<Position.SMALL_FORWARD: 'SMALL FORWARD'>],28,Team.DETROIT_PISTONS,13,13,352,43,93,30,66,4,4,5,14,23,7,2,6,23
393,spellom01,Omari Spellman,[<Position.POWER_FORWARD: 'POWER FORWARD'>],22,Team.GOLDEN_STATE_WARRIORS,16,0,281,42,99,12,31,23,30,40,48,18,10,8,22,22
394,strusma01,Max Strus,[<Position.GUARD: 'GUARD'>],23,Team.CHICAGO_BULLS,1,0,5,2,3,0,1,1,1,1,0,0,0,0,0,1
395,sumneed01,Edmond Sumner,[<Position.POINT_GUARD: 'POINT GUARD'>],24,Team.INDIANA_PACERS,3,2,67,9,18,0,3,3,5,1,2,6,5,1,1,9
396,swanica01,Caleb Swanigan,[<Position.POWER_FORWARD: 'POWER FORWARD'>],22,Team.SACRAMENTO_KINGS,4,0,11,1,2,0,0,1,2,1,3,0,1,2,3,3
397,tatumja01,Jayson Tatum,[<Position.POWER_FORWARD: 'POWER FORWARD'>],21,Team.BOSTON_CELTICS,15,15,513,113,276,36,97,46,58,21,84,37,21,10,28,35
398,teaguje01,Jeff Teague,[<Position.POINT_GUARD: 'POINT GUARD'>],31,Team.MINNESOTA_TIMBERWOLVES,11,10,312,48,110,8,29,47,57,5,21,84,10,3,27,24
399,templga01,Garrett Temple,[<Position.SHOOTING_GUARD: 'SHOOTING GUARD'>],33,Team.BROOKLYN_NETS,15,6,363,42,110,25,77,17,21,8,36,25,15,9,12,28
400,theisda01,Daniel Theis,[<Position.CENTER: 'CENTER'>],27,Team.BOSTON_CELTICS,13,12,295,33,71,2,12,17,25,22,74,17,8,21,10,45
401,thomais02,Isaiah Thomas,[<Position.POINT_GUARD: 'POINT GUARD'>],30,Team.WASHINGTON_WIZARDS,11,8,267,53,122,21,52,9,10,1,16,65,5,2,22,17
402,thomakh01,Khyri Thomas,[<Position.SHOOTING_GUARD: 'SHOOTING GUARD'>],23,Team.DETROIT_PISTONS,2,0,6,0,0,0,0,1,2,0,0,0,0,0,0,0
403,thomama02,Matt Thomas,[<Position.SHOOTING_GUARD: 'SHOOTING GUARD'>],25,Team.TORONTO_RAPTORS,11,0,125,19,34,13,23,2,3,1,11,4,4,0,4,12
404,thomptr01,Tristan Thompson,[<Position.CENTER: 'CENTER'>],28,Team.CLEVELAND_CAVALIERS,14,14,437,85,162,3,7,25,41,58,81,33,11,20,21,37
405,thybuma01,Matisse Thybulle,[<Position.SHOOTING_GUARD: 'SHOOTING GUARD'>],22,Team.PHILADELPHIA_76ERS,14,2,197,16,48,8,25,9,14,4,11,14,19,11,17,32
406,tollian01,Anthony Tolliver,[<Position.POWER_FORWARD: 'POWER FORWARD'>],34,Team.PORTLAND_TRAIL_BLAZERS,13,6,228,13,50,10,39,9,11,9,33,10,3,5,10,14
407,townska01,Karl-Anthony Towns,[<Position.CENTER: 'CENTER'>],24,Team.MINNESOTA_TIMBERWOLVES,13,13,426,115,225,51,115,57,75,34,123,47,17,20,39,43
408,trentga02,Gary Trent,[<Position.SHOOTING_GUARD: 'SHOOTING GUARD'>],21,Team.PORTLAND_TRAIL_BLAZERS,10,1,86,13,29,9,19,0,0,3,9,5,2,2,2,7
409,trieral01,Allonzo Trier,[<Position.POINT_GUARD: 'POINT GUARD'>],24,Team.NEW_YORK_KNICKS,8,1,117,16,34,9,20,16,21,1,11,12,2,3,14,19
410,tuckepj01,P.J. Tucker,[<Position.POWER_FORWARD: 'POWER FORWARD'>],34,Team.HOUSTON_ROCKETS,16,16,557,55,106,31,68,11,14,23,74,21,21,8,16,54
411,turneev01,Evan Turner,[<Position.POINT_GUARD: 'POINT GUARD'>],31,Team.ATLANTA_HAWKS,7,0,88,14,26,0,1,9,10,3,9,13,5,1,8,12
412,turnemy01,Myles Turner,[<Position.CENTER: 'CENTER'>],23,Team.INDIANA_PACERS,6,6,189,32,65,12,26,8,11,12,32,5,3,12,10,10
413,valanjo01,Jonas Valančiūnas,[<Position.CENTER: 'CENTER'>],27,Team.MEMPHIS_GRIZZLIES,14,14,326,72,137,8,24,22,23,29,99,27,2,9,31,37
414,valende01,Denzel Valentine,[<Position.SMALL_FORWARD: 'SMALL FORWARD'>],26,Team.CHICAGO_BULLS,3,0,11,4,9,4,7,0,0,1,3,1,0,0,1,0
415,vandeja01,Jarred Vanderbilt,[<Position.SMALL_FORWARD: 'SMALL FORWARD'>],20,Team.DENVER_NUGGETS,3,0,9,0,0,0,0,0,0,0,2,1,0,0,1,0
416,vanvlfr01,Fred VanVleet,[<Position.POINT_GUARD: 'POINT GUARD'>],25,Team.TORONTO_RAPTORS,14,14,527,80,203,35,91,52,58,2,54,106,26,2,34,33
417,vonleno01,Noah Vonleh,[<Position.CENTER: 'CENTER'>],24,Team.MINNESOTA_TIMBERWOLVES,13,0,169,20,40,1,8,16,19,16,33,15,4,3,12,20
418,vucevni01,Nikola Vučević,[<Position.CENTER: 'CENTER'>],29,Team.ORLANDO_MAGIC,14,14,431,95,211,16,50,33,39,41,121,49,9,15,20,27
419,wadede01,Dean Wade,[<Position.POWER_FORWARD: 'POWER FORWARD'>],23,Team.CLEVELAND_CAVALIERS,3,0,18,1,2,1,1,0,0,0,2,0,1,0,0,3
420,wagnemo01,Moritz Wagner,[<Position.CENTER: 'CENTER'>],22,Team.WASHINGTON_WIZARDS,13,0,245,61,97,17,33,21,26,17,53,12,8,11,30,52
421,walkeke02,Kemba Walker,[<Position.POINT_GUARD: 'POINT GUARD'>],29,Team.BOSTON_CELTICS,15,15,485,100,250,51,131,66,72,15,54,70,14,8,32,28
422,walkelo01,Lonnie Walker,[<Position.SHOOTING_GUARD: 'SHOOTING GUARD'>],21,Team.SAN_ANTONIO_SPURS,9,0,42,4,15,0,2,1,5,1,8,3,0,1,3,5
423,wallaty01,Tyrone Wallace,[<Position.SHOOTING_GUARD: 'SHOOTING GUARD'>],25,Team.ATLANTA_HAWKS,11,0,129,12,35,0,10,11,17,3,16,12,5,0,9,16
424,princta02,Taurean Waller-Prince,[<Position.SMALL_FORWARD: 'SMALL FORWARD'>],25,Team.BROOKLYN_NETS,15,15,444,67,167,39,99,18,25,12,79,22,14,5,32,40
425,waltode01,Derrick Walton,[<Position.POINT_GUARD: 'POINT GUARD'>],24,Team.LOS_ANGELES_CLIPPERS,3,0,9,1,1,1,1,0,0,0,0,1,0,0,1,2
426,wanambr01,Brad Wanamaker,[<Position.POINT_GUARD: 'POINT GUARD'>],30,Team.BOSTON_CELTICS,15,0,253,35,66,6,17,31,33,3,25,42,13,2,18,25
427,warretj01,T.J. Warren,[<Position.SMALL_FORWARD: 'SMALL FORWARD'>],26,Team.INDIANA_PACERS,14,14,474,102,214,12,41,29,36,10,40,16,18,6,19,38
428,washipj01,PJ Washington,[<Position.POWER_FORWARD: 'POWER FORWARD'>],21,Team.CHARLOTTE_HORNETS,16,16,456,70,139,24,49,23,34,15,71,24,17,13,22,41
429,watanyu01,Yuta Watanabe,[<Position.SHOOTING_GUARD: 'SHOOTING GUARD'>],25,Team.MEMPHIS_GRIZZLIES,1,0,3,2,2,0,0,0,0,0,1,0,0,0,0,1
430,westbru01,Russell Westbrook,[<Position.POINT_GUARD: 'POINT GUARD'>],31,Team.HOUSTON_ROCKETS,14,14,465,113,272,18,82,62,90,21,87,96,23,5,56,53
431,whiteco01,Coby White,[<Position.SHOOTING_GUARD: 'SHOOTING GUARD'>],19,Team.CHICAGO_BULLS,16,0,398,74,204,33,95,27,34,5,55,36,12,0,23,26
432,whitede01,Derrick White,[<Position.SHOOTING_GUARD: 'SHOOTING GUARD'>],25,Team.SAN_ANTONIO_SPURS,14,2,328,48,104,11,27,32,40,9,28,36,7,12,14,39
433,whiteha01,Hassan Whiteside,[<Position.CENTER: 'CENTER'>],30,Team.PORTLAND_TRAIL_BLAZERS,14,14,394,84,143,0,0,41,52,53,115,13,5,25,29,40
434,wiggian01,Andrew Wiggins,[<Position.SMALL_FORWARD: 'SMALL FORWARD'>],24,Team.MINNESOTA_TIMBERWOLVES,12,12,416,120,254,27,82,40,56,16,47,43,8,12,20,26
435,willigr01,Grant Williams,[<Position.POWER_FORWARD: 'POWER FORWARD'>],21,Team.BOSTON_CELTICS,14,0,224,12,44,0,19,12,15,12,23,14,8,9,12,28
436,willike04,Kenrich Williams,[<Position.POWER_FORWARD: 'POWER FORWARD'>],25,Team.NEW_ORLEANS_PELICANS,15,7,375,33,77,17,48,8,16,27,67,29,17,11,10,40
437,willilo02,Lou Williams,[<Position.SHOOTING_GUARD: 'SHOOTING GUARD'>],33,Team.LOS_ANGELES_CLIPPERS,16,3,522,118,275,27,76,100,115,11,47,94,9,3,49,24
438,willima02,Marvin Williams,[<Position.POWER_FORWARD: 'POWER FORWARD'>],33,Team.CHARLOTTE_HORNETS,16,0,309,38,82,20,49,14,17,7,31,10,10,5,9,26
439,williro04,Robert Williams,[<Position.CENTER: 'CENTER'>],22,Team.BOSTON_CELTICS,13,1,184,25,32,0,0,6,11,14,46,20,11,16,11,27
440,willini01,Nigel Williams-Goss,[<Position.POINT_GUARD: 'POINT GUARD'>],25,Team.UTAH_JAZZ,4,0,8,0,2,0,1,0,0,0,0,1,0,0,1,1
441,wilsodj01,D.J. Wilson,[<Position.POWER_FORWARD: 'POWER FORWARD'>],23,Team.MILWAUKEE_BUCKS,6,0,39,5,15,2,11,0,0,0,7,3,0,1,3,2
442,winslju01,Justise Winslow,[<Position.SMALL_FORWARD: 'SMALL FORWARD'>],23,Team.MIAMI_HEAT,5,5,181,28,72,3,12,10,17,9,31,24,5,3,16,17
443,woodch01,Christian Wood,[<Position.POWER_FORWARD: 'POWER FORWARD'>],24,Team.DETROIT_PISTONS,13,0,195,41,66,11,22,21,31,13,44,5,4,16,11,10
444,wrighde01,Delon Wright,[<Position.SHOOTING_GUARD: 'SHOOTING GUARD'>],27,Team.DALLAS_MAVERICKS,15,2,338,46,89,8,24,21,27,10,41,46,19,6,9,19
445,youngth01,Thaddeus Young,[<Position.POWER_FORWARD: 'POWER FORWARD'>],31,Team.CHICAGO_BULLS,16,0,359,62,149,18,59,14,23,27,40,25,16,6,25,27
446,youngtr01,Trae Young,[<Position.POINT_GUARD: 'POINT GUARD'>],21,Team.ATLANTA_HAWKS,14,14,470,116,269,40,115,86,105,7,49,120,23,1,68,15
447,zelleco01,Cody Zeller,[<Position.CENTER: 'CENTER'>],27,Team.CHARLOTTE_HORNETS,15,15,376,64,127,11,29,27,40,47,80,19,8,5,23,41
448,zizican01,Ante Žižić,[<Position.CENTER: 'CENTER'>],23,Team.CLEVELAND_CAVALIERS,4,0,64,10,18,0,0,4,5,5,9,0,1,1,1,8
449,zubaciv01,Ivica Zubac,[<Position.CENTER: 'CENTER'>],22,Team.LOS_ANGELES_CLIPPERS,16,14,255,53,86,0,1,31,39,38,72,16,3,21,15,33
